match_mode,arm,feature,c_n,match_value,matched,c_a,base_logppl,base_keyword_hit,base_rep4,arm_logppl,arm_keyword_hit,arm_rep4,d_logppl,d_keyword_hit,d_rep4
rep4,antimanifold,359,0.0,0.005043859649122804,True,0.0,3.559849572181702,0.0,0.005043859649122804,3.559849572181702,0.0,0.005043859649122804,0.0,0.0,0.0
rep4,antimanifold,359,0.5,0.0,True,0.5,4.578107786178589,0.6,0.0,4.483559838930765,0.16666666666666666,0.0,-0.09454794724782367,-0.43333333333333335,0.0
rep4,antimanifold,359,1.0,0.053616091827464116,True,1.1732011852848994,4.445861593882243,0.6333333333333333,0.053616091827464116,4.153603819852769,0.6076260345147203,0.053616091827464116,-0.2922577740294736,-0.025707298818613,0.0
rep4,antimanifold,359,1.5,0.3815123968539418,True,1.8848955749132867,3.1642854889233907,0.2,0.3815123968539418,3.173345066100623,0.22805569337958034,0.3815123968539418,0.00905957717723238,0.028055693379580332,0.0
rep4,antimanifold,359,2.0,0.7363399928572929,True,2.9877601950891197,2.136661779880524,0.0,0.7363399928572929,1.9700666740680859,0.0020399674851466765,0.7363399928572929,-0.16659510581243797,0.0020399674851466765,0.0
rep4,antimanifold,359,3.0,0.8103703703703703,True,4.409638554216866,1.6747957905133566,0.0,0.8103703703703703,1.5935492778877658,0.0,0.8103703703703703,-0.0812465126255908,0.0,0.0
rep4,antimanifold,359,4.0,0.8844444444444444,False,,1.1897318045298257,0.0,0.8844444444444444,,,,,,
rep4,antimanifold,359,5.0,0.9688888888888888,False,,0.8348305702209473,0.0,0.9688888888888888,,,,,,
rep4,antimanifold,1344,0.0,0.005043859649122804,True,0.0,3.559849572181702,0.0,0.005043859649122804,3.559849572181702,0.0,0.005043859649122804,0.0,0.0,0.0
rep4,antimanifold,1344,0.5,0.0,True,0.5,4.255307308832804,0.4666666666666667,0.0,3.8753300229708354,0.16666666666666666,0.0,-0.37997728586196855,-0.30000000000000004,0.0
rep4,antimanifold,1344,1.0,0.0027777777777777766,True,0.22463768115942023,5.5208391666412355,0.9666666666666667,0.0027777777777777766,3.7015871660145008,0.07487922705314007,0.0027777777777777766,-1.8192520006267348,-0.8917874396135266,0.0
rep4,antimanifold,1344,1.5,0.0,True,0.5,6.587676858901977,0.9,0.0,3.8753300229708354,0.16666666666666666,0.0,-2.712346835931142,-0.7333333333333334,0.0
rep4,antimanifold,1344,2.0,0.0,True,0.5,6.8398193200429285,0.6666666666666666,0.0,3.8753300229708354,0.16666666666666666,0.0,-2.964489297072093,-0.5,0.0
rep4,antimanifold,1344,3.0,0.0,True,0.5,7.144840987523397,0.2,0.0,3.8753300229708354,0.16666666666666666,0.0,-3.2695109645525613,-0.033333333333333354,0.0
rep4,antimanifold,1344,4.0,0.0,True,0.5,6.61721510887146,0.1,0.0,3.8753300229708354,0.16666666666666666,0.0,-2.7418850859006247,0.06666666666666665,0.0
rep4,antimanifold,1344,5.0,0.0,True,0.5,5.173409016927083,0.1,0.0,3.8753300229708354,0.16666666666666666,0.0,-1.2980789939562478,0.06666666666666665,0.0
rep4,antimanifold,4317,0.0,0.005043859649122804,True,0.0,3.559849572181702,0.03333333333333333,0.005043859649122804,3.559849572181702,0.03333333333333333,0.005043859649122804,0.0,0.0,0.0
rep4,antimanifold,4317,0.5,0.0,True,0.5,3.910381007194519,0.03333333333333333,0.0,3.9818547487258913,0.03333333333333333,0.0,0.07147374153137243,0.0,0.0
rep4,antimanifold,4317,1.0,0.0,True,0.5,4.355145724614461,0.16666666666666666,0.0,3.9818547487258913,0.03333333333333333,0.0,-0.37329097588856985,-0.13333333333333333,0.0
rep4,antimanifold,4317,1.5,0.0,True,0.5,5.164029343922933,0.36666666666666664,0.0,3.9818547487258913,0.03333333333333333,0.0,-1.1821745951970417,-0.3333333333333333,0.0
rep4,antimanifold,4317,2.0,0.0,True,0.5,5.953251806894938,0.13333333333333333,0.0,3.9818547487258913,0.03333333333333333,0.0,-1.971397058169047,-0.1,0.0
rep4,antimanifold,4317,3.0,0.006290726817042599,True,3.0893856661621193,6.8609598477681475,0.06666666666666667,0.006290726817042599,6.760779580885723,0.09404095558919207,0.006290726817042599,-0.10018026688242454,0.0273742889225254,0.0
rep4,antimanifold,4317,4.0,0.0593510376635731,True,3.843325770338499,6.069953791300455,0.0,0.0593510376635731,6.603413163442924,0.04377828197743342,0.0593510376635731,0.5334593721424685,0.04377828197743342,0.0
rep4,antimanifold,4317,5.0,0.12751788781463078,False,,5.0932507912317915,0.0,0.12751788781463078,,,,,,
rep4,antimanifold,4398,0.0,0.005043859649122804,True,0.0,3.559849572181702,0.0,0.005043859649122804,3.559849572181702,0.0,0.005043859649122804,0.0,0.0,0.0
rep4,antimanifold,4398,0.5,0.0,True,0.5,4.195789750417074,0.6666666666666666,0.0,3.8300711035728456,0.43333333333333335,0.0,-0.36571864684422817,-0.23333333333333328,0.0
rep4,antimanifold,4398,1.0,0.0,True,0.5,5.31863694190979,0.26666666666666666,0.0,3.8300711035728456,0.43333333333333335,0.0,-1.4885658383369442,0.16666666666666669,0.0
rep4,antimanifold,4398,1.5,0.0,True,0.5,6.42907894452413,0.06666666666666667,0.0,3.8300711035728456,0.43333333333333335,0.0,-2.599007840951284,0.3666666666666667,0.0
rep4,antimanifold,4398,2.0,0.0,True,0.5,6.859190845489502,0.0,0.0,3.8300711035728456,0.43333333333333335,0.0,-3.0291197419166567,0.43333333333333335,0.0
rep4,antimanifold,4398,3.0,0.0,True,0.5,6.9061026255289715,0.0,0.0,3.8300711035728456,0.43333333333333335,0.0,-3.076031521956126,0.43333333333333335,0.0
rep4,antimanifold,4398,4.0,0.00111111111111111,True,0.3898550724637682,6.695966958999634,0.0,0.00111111111111111,3.7705440415852314,0.3378743961352658,0.0011111111111111096,-2.9254229174144024,0.3378743961352658,-4.336808689942018e-19
rep4,antimanifold,4398,5.0,0.0009259259259259234,True,0.4082125603864736,6.245006132125854,0.0,0.0009259259259259234,3.780465218583167,0.35378421900161044,0.0009259259259259238,-2.4645409135426872,0.35378421900161044,4.336808689942018e-19
rep4,antimanifold,6587,0.0,0.005043859649122804,True,0.0,3.559849572181702,0.16666666666666666,0.005043859649122804,3.559849572181702,0.16666666666666666,0.005043859649122804,0.0,0.0,0.0
rep4,antimanifold,6587,0.5,0.0,True,0.5,4.107233254114787,0.16666666666666666,0.0,4.062592959403991,0.06666666666666667,0.0,-0.04464029471079556,-0.09999999999999999,0.0
rep4,antimanifold,6587,1.0,0.0,True,0.5,5.507696493466695,0.7333333333333333,0.0,4.062592959403991,0.06666666666666667,0.0,-1.4451035340627039,-0.6666666666666666,0.0
rep4,antimanifold,6587,1.5,0.0024390243902439,True,0.25821845174973496,6.545743942260742,0.8,0.0024390243902439,3.819484810333616,0.11502297631671968,0.0024390243902439003,-2.7262591319271263,-0.6849770236832804,4.336808689942018e-19
rep4,antimanifold,6587,2.0,0.014491459308532477,True,3.803379782498828,6.10467267036438,0.4666666666666667,0.014491459308532477,5.560466419869195,0.3797746811667448,0.014491459308532476,-0.5442062504951846,-0.08689198549992189,-1.734723475976807e-18
rep4,antimanifold,6587,3.0,0.010132713130444263,True,3.470648069151637,5.337505292892456,0.3333333333333333,0.010132713130444263,5.819682833011992,0.4019567953898909,0.010132713130444263,0.48217754011953584,0.06862346205655756,0.0
rep4,antimanifold,6587,4.0,0.017116698137685085,True,4.022394086212314,4.826267790794373,0.26666666666666666,0.017116698137685085,5.395881498867747,0.3651737275858457,0.017116698137685085,0.5696137080733745,0.09850706091917905,0.0
rep4,antimanifold,6587,5.0,0.03251370223860296,False,,4.4350511948267615,0.16666666666666666,0.03251370223860296,,,,,,
rep4,antimanifold,6911,0.0,0.005043859649122804,True,0.0,3.559849572181702,0.03333333333333333,0.005043859649122804,3.559849572181702,0.03333333333333333,0.005043859649122804,0.0,0.0,0.0
rep4,antimanifold,6911,0.5,0.0,True,0.5,3.793166653315226,0.4,0.0,3.6154904921849567,0.13333333333333333,0.0,-0.17767616113026952,-0.2666666666666667,0.0
rep4,antimanifold,6911,1.0,0.0,True,0.5,4.642797223726908,0.4666666666666667,0.0,3.6154904921849567,0.13333333333333333,0.0,-1.0273067315419513,-0.33333333333333337,0.0
rep4,antimanifold,6911,1.5,0.0,True,0.5,5.900172583262125,0.3,0.0,3.6154904921849567,0.13333333333333333,0.0,-2.2846820910771686,-0.16666666666666666,0.0
rep4,antimanifold,6911,2.0,0.0,True,0.5,6.463280153274536,0.1,0.0,3.6154904921849567,0.13333333333333333,0.0,-2.8477896610895796,0.033333333333333326,0.0
rep4,antimanifold,6911,3.0,0.0,True,0.5,6.832909774780274,0.0,0.0,3.6154904921849567,0.13333333333333333,0.0,-3.217419282595317,0.13333333333333333,0.0
rep4,antimanifold,6911,4.0,0.0,True,0.5,6.864583905537923,0.06666666666666667,0.0,3.6154904921849567,0.13333333333333333,0.0,-3.2490934133529668,0.06666666666666667,0.0
rep4,antimanifold,6911,5.0,0.0,True,0.5,6.784826310475667,0.2,0.0,3.6154904921849567,0.13333333333333333,0.0,-3.1693358182907105,-0.06666666666666668,0.0
rep4,antimanifold,7848,0.0,0.005043859649122804,True,0.0,3.559849572181702,0.26666666666666666,0.005043859649122804,3.559849572181702,0.26666666666666666,0.005043859649122804,0.0,0.0,0.0
rep4,antimanifold,7848,0.5,0.0,True,0.5,4.304592235883077,0.13333333333333333,0.0,3.903336183230082,0.13333333333333333,0.0,-0.4012560526529949,0.0,0.0
rep4,antimanifold,7848,1.0,0.0,True,0.5,5.877863041559855,0.2,0.0,3.903336183230082,0.13333333333333333,0.0,-1.9745268583297726,-0.06666666666666668,0.0
rep4,antimanifold,7848,1.5,0.0,True,0.5,6.774360942840576,0.2,0.0,3.903336183230082,0.13333333333333333,0.0,-2.871024759610494,-0.06666666666666668,0.0
rep4,antimanifold,7848,2.0,0.0,True,0.5,6.453631337483724,0.16666666666666666,0.0,3.903336183230082,0.13333333333333333,0.0,-2.550295154253642,-0.033333333333333326,0.0
rep4,antimanifold,7848,3.0,0.0,True,0.5,5.969557889302572,0.06666666666666667,0.0,3.903336183230082,0.13333333333333333,0.0,-2.06622170607249,0.06666666666666667,0.0
rep4,antimanifold,7848,4.0,0.0012345679012345666,True,0.3776167471819646,5.325090702374776,0.06666666666666667,0.0012345679012345666,3.819262165710994,0.16596886741814276,0.0012345679012345668,-1.5058285366637825,0.0993022007514761,2.168404344971009e-19
rep4,antimanifold,7848,5.0,0.0,True,0.5,4.924134651819865,0.03333333333333333,0.0,3.903336183230082,0.13333333333333333,0.0,-1.020798468589783,0.1,0.0
rep4,antimanifold,14891,0.0,0.005043859649122804,True,0.0,3.559849572181702,0.03333333333333333,0.005043859649122804,3.559849572181702,0.03333333333333333,0.005043859649122804,0.0,0.0,0.0
rep4,antimanifold,14891,0.5,0.0018018018018018,True,0.3213866039952997,4.125027982393901,0.43333333333333335,0.0018018018018018,3.702370016527232,0.1404622013317666,0.0018018018018017999,-0.4226579658666685,-0.2928711320015668,-2.168404344971009e-19
rep4,antimanifold,14891,1.0,0.0,True,0.5,5.1933200041453045,0.8666666666666667,0.0,3.781576991081238,0.2,0.0,-1.4117430130640667,-0.6666666666666667,0.0
rep4,antimanifold,14891,1.5,0.0,True,0.5,6.262852255503336,0.7333333333333333,0.0,3.781576991081238,0.2,0.0,-2.4812752644220986,-0.5333333333333332,0.0
rep4,antimanifold,14891,2.0,0.0,True,0.5,7.241084973017375,0.36666666666666664,0.0,3.781576991081238,0.2,0.0,-3.459507981936137,-0.16666666666666663,0.0
rep4,antimanifold,14891,3.0,0.0,True,0.5,4.991898059844971,0.0,0.0,3.781576991081238,0.2,0.0,-1.210321068763733,0.2,0.0
rep4,antimanifold,14891,4.0,0.0,True,0.5,2.061070704460144,0.0,0.0,3.781576991081238,0.2,0.0,1.7205062866210938,0.2,0.0
rep4,antimanifold,14891,5.0,0.0,True,0.5,1.5190405229727426,0.0,0.0,3.781576991081238,0.2,0.0,2.262536468108495,0.2,0.0
rep4,antimanifold,15507,0.0,0.005043859649122804,True,0.0,3.559849572181702,0.03333333333333333,0.005043859649122804,3.559849572181702,0.03333333333333333,0.005043859649122804,0.0,0.0,0.0
rep4,antimanifold,15507,0.5,0.0009259259259259234,True,0.4082125603864736,3.8546272993087767,0.03333333333333333,0.0009259259259259234,3.796375559570325,0.03333333333333333,0.0009259259259259238,-0.05825173973845166,0.0,4.336808689942018e-19
rep4,antimanifold,15507,1.0,0.0,True,0.5,4.309838636716207,0.0,0.0,3.8495589176813763,0.03333333333333333,0.0,-0.46027971903483067,0.03333333333333333,0.0
rep4,antimanifold,15507,1.5,0.0,True,0.5,1.8906424542268117,0.0,0.0,3.8495589176813763,0.03333333333333333,0.0,1.9589164634545646,0.03333333333333333,0.0
rep4,antimanifold,15507,2.0,0.0,True,0.5,1.3967510263125102,0.0,0.0,3.8495589176813763,0.03333333333333333,0.0,2.452807891368866,0.03333333333333333,0.0
rep4,antimanifold,15507,3.0,0.0,True,0.5,1.1643040875593822,0.0,0.0,3.8495589176813763,0.03333333333333333,0.0,2.685254830121994,0.03333333333333333,0.0
rep4,antimanifold,15507,4.0,0.0,True,0.5,1.1276821851730348,0.0,0.0,3.8495589176813763,0.03333333333333333,0.0,2.7218767325083415,0.03333333333333333,0.0
rep4,antimanifold,15507,5.0,0.0,True,0.5,1.1276821851730348,0.0,0.0,3.8495589176813763,0.03333333333333333,0.0,2.7218767325083415,0.03333333333333333,0.0
rep4,antimanifold,15664,0.0,0.005043859649122804,True,0.0,3.559849572181702,0.1,0.005043859649122804,3.559849572181702,0.1,0.005043859649122804,0.0,0.0,0.0
rep4,antimanifold,15664,0.5,0.0,True,0.5,3.7595556418100995,0.43333333333333335,0.0,3.60072302420934,0.26666666666666666,0.0,-0.15883261760075928,-0.16666666666666669,0.0
rep4,antimanifold,15664,1.0,0.0,True,0.5,4.841157619158427,0.9333333333333333,0.0,3.60072302420934,0.26666666666666666,0.0,-1.2404345949490865,-0.6666666666666667,0.0
rep4,antimanifold,15664,1.5,0.009987697487697476,True,1.536104458801868,5.953914276758829,0.43333333333333335,0.009987697487697476,5.350778390497716,0.7638955411981321,0.009987697487697476,-0.6031358862611134,0.33056220786479873,0.0
rep4,antimanifold,15664,2.0,0.24233419585353205,True,2.2877072691725275,4.552017609278361,0.13333333333333333,0.24233419585353205,4.571346540765557,0.2232780615539926,0.24233419585353205,0.01932893148719561,0.08994472822065927,0.0
rep4,antimanifold,15664,3.0,0.8354747485660702,True,3.6251494022124136,2.0735364397366842,0.0,0.8354747485660702,2.1041634202129074,0.012495019926252876,0.8354747485660702,0.030626980476223142,0.012495019926252876,0.0
rep4,antimanifold,15664,4.0,0.9317340067340066,True,4.281513632473406,1.6130270759264629,0.0,0.9317340067340066,1.7374023832888168,0.0,0.9317340067340066,0.12437530736235392,0.0,0.0
rep4,antimanifold,15664,5.0,0.9488888888888888,True,4.717569385010393,1.5647426227728525,0.0,0.9488888888888888,1.6740015707797409,0.0,0.9488888888888888,0.1092589480068884,0.0,0.0
rep4,antimanifold,17102,0.0,0.005043859649122804,True,0.0,3.559849572181702,0.0,0.005043859649122804,3.559849572181702,0.0,0.005043859649122804,0.0,0.0,0.0
rep4,antimanifold,17102,0.5,0.0009009009009008967,True,0.41069330199765014,3.9846853812535605,0.4666666666666667,0.0009009009009008967,3.8154244273025477,0.19165687426557007,0.0009009009009008969,-0.16926095395101282,-0.2750097924010966,2.168404344971009e-19
rep4,antimanifold,17102,1.0,0.006666666666666664,False,,5.143382604916891,0.3333333333333333,0.006666666666666664,,,,,,
rep4,antimanifold,17102,1.5,0.0,True,0.5,6.221953344345093,0.03333333333333333,0.0,3.871000075340271,0.23333333333333334,0.0,-2.350953269004822,0.2,0.0
rep4,antimanifold,17102,2.0,0.0,True,0.5,6.682785193125407,0.03333333333333333,0.0,3.871000075340271,0.23333333333333334,0.0,-2.8117851177851363,0.2,0.0
rep4,antimanifold,17102,3.0,0.0,True,0.5,6.202413781483968,0.03333333333333333,0.0,3.871000075340271,0.23333333333333334,0.0,-2.3314137061436973,0.2,0.0
rep4,antimanifold,17102,4.0,0.00119047619047619,True,0.38198757763975155,5.834643300374349,0.0,0.00119047619047619,3.7975608261475653,0.1782608695652174,0.0011904761904761897,-2.037082474226784,0.1782608695652174,-2.168404344971009e-19
rep4,antimanifold,17102,5.0,0.00119047619047619,True,0.38198757763975155,5.537648773193359,0.0,0.00119047619047619,3.7975608261475653,0.1782608695652174,0.0011904761904761897,-1.7400879470457937,0.1782608695652174,-2.168404344971009e-19
rep4,antimanifold,23257,0.0,0.005043859649122804,True,0.0,3.559849572181702,0.0,0.005043859649122804,3.559849572181702,0.0,0.005043859649122804,0.0,0.0,0.0
rep4,antimanifold,23257,0.5,0.0,True,0.5,3.6794824798901877,0.03333333333333333,0.0,3.6893641630808514,0.0,0.0,0.009881683190663626,-0.03333333333333333,0.0
rep4,antimanifold,23257,1.0,0.0,True,0.5,5.006562582651774,0.26666666666666666,0.0,3.6893641630808514,0.0,0.0,-1.3171984195709223,-0.26666666666666666,0.0
rep4,antimanifold,23257,1.5,0.002983870967741937,True,0.20420757363253822,6.709430344899496,0.2,0.002983870967741937,3.6127452928967543,0.0,0.002983870967741937,-3.0966850520027416,-0.2,0.0
rep4,antimanifold,23257,2.0,0.0,True,0.5,7.616453393300374,0.06666666666666667,0.0,3.6893641630808514,0.0,0.0,-3.927089230219523,-0.06666666666666667,0.0
rep4,antimanifold,23257,3.0,0.0,True,0.5,6.501924117406209,0.0,0.0,3.6893641630808514,0.0,0.0,-2.8125599543253577,0.0,0.0
rep4,antimanifold,23257,4.0,0.0,True,0.5,5.429689741134643,0.0,0.0,3.6893641630808514,0.0,0.0,-1.7403255780537918,0.0,0.0
rep4,antimanifold,23257,5.0,0.0,True,0.5,4.956515709559123,0.0,0.0,3.6893641630808514,0.0,0.0,-1.2671515464782717,0.0,0.0
rep4,dirfix,359,0.0,0.005043859649122804,True,0.0,3.559849572181702,0.0,0.005043859649122804,3.5595034758249917,0.0,0.005043859649122804,-0.00034609635671012384,0.0,0.0
rep4,dirfix,359,0.5,0.0,False,,4.578107786178589,0.6,0.0,,,,,,
rep4,dirfix,359,1.0,0.053616091827464116,True,0.7388728342599824,4.445861593882243,0.6333333333333333,0.053616091827464116,4.349949141600909,0.5363005775306714,0.053616091827464116,-0.0959124522813335,-0.09703275580266191,0.0
rep4,dirfix,359,1.5,0.3815123968539418,True,1.2873456184704564,3.1642854889233907,0.2,0.3815123968539418,3.42690016251617,0.2751029210196957,0.3815123968539418,0.26261467359277946,0.07510292101969568,0.0
rep4,dirfix,359,2.0,0.7363399928572929,True,1.8736561235419167,2.136661779880524,0.0,0.7363399928572929,2.048697089741066,0.08351251686107777,0.7363399928572929,-0.08796469013945796,0.08351251686107777,0.0
rep4,dirfix,359,3.0,0.8103703703703703,True,2.175591790538583,1.6747957905133566,0.0,0.8103703703703703,1.7102739444246187,0.05496054729742781,0.8103703703703703,0.03547815391126208,0.05496054729742781,0.0
rep4,dirfix,359,4.0,0.8844444444444444,True,2.7525595210348826,1.1897318045298257,0.0,0.8844444444444444,1.2577896182166488,0.01649603193100784,0.8844444444444444,0.06805781368682307,0.01649603193100784,0.0
rep4,dirfix,359,5.0,0.9688888888888888,True,3.946747352496218,0.8348305702209473,0.0,0.9688888888888888,0.8355213006397599,0.0,0.9688888888888888,0.000690730418812624,0.0,0.0
rep4,dirfix,1344,0.0,0.005043859649122804,True,0.0,3.559849572181702,0.0,0.005043859649122804,3.558613316218058,0.0,0.005043859649122804,-0.0012362559636436288,0.0,0.0
rep4,dirfix,1344,0.5,0.0,False,,4.255307308832804,0.4666666666666667,0.0,,,,,,
rep4,dirfix,1344,1.0,0.0027777777777777766,False,,5.5208391666412355,0.9666666666666667,0.0027777777777777766,,,,,,
rep4,dirfix,1344,1.5,0.0,False,,6.587676858901977,0.9,0.0,,,,,,
rep4,dirfix,1344,2.0,0.0,False,,6.8398193200429285,0.6666666666666666,0.0,,,,,,
rep4,dirfix,1344,3.0,0.0,False,,7.144840987523397,0.2,0.0,,,,,,
rep4,dirfix,1344,4.0,0.0,False,,6.61721510887146,0.1,0.0,,,,,,
rep4,dirfix,1344,5.0,0.0,False,,5.173409016927083,0.1,0.0,,,,,,
rep4,dirfix,4317,0.0,0.005043859649122804,True,0.0,3.559849572181702,0.03333333333333333,0.005043859649122804,3.559849572181702,0.03333333333333333,0.005043859649122804,0.0,0.0,0.0
rep4,dirfix,4317,0.5,0.0,True,0.5,3.910381007194519,0.03333333333333333,0.0,3.637828739484151,0.06666666666666667,0.0,-0.2725522677103678,0.03333333333333333,0.0
rep4,dirfix,4317,1.0,0.0,True,0.5,4.355145724614461,0.16666666666666666,0.0,3.637828739484151,0.06666666666666667,0.0,-0.7173169851303101,-0.09999999999999999,0.0
rep4,dirfix,4317,1.5,0.0,True,0.5,5.164029343922933,0.36666666666666664,0.0,3.637828739484151,0.06666666666666667,0.0,-1.526200604438782,-0.3,0.0
rep4,dirfix,4317,2.0,0.0,True,0.5,5.953251806894938,0.13333333333333333,0.0,3.637828739484151,0.06666666666666667,0.0,-2.315423067410787,-0.06666666666666667,0.0
rep4,dirfix,4317,3.0,0.006290726817042599,True,4.873129056901601,6.8609598477681475,0.06666666666666667,0.006290726817042599,6.759836541114715,0.9582086037934401,0.006290726817042599,-0.10112330665343272,0.8915419371267734,0.0
rep4,dirfix,4317,4.0,0.0593510376635731,False,,6.069953791300455,0.0,0.0593510376635731,,,,,,
rep4,dirfix,4317,5.0,0.12751788781463078,False,,5.0932507912317915,0.0,0.12751788781463078,,,,,,
rep4,dirfix,4398,0.0,0.005043859649122804,True,0.0,3.559849572181702,0.0,0.005043859649122804,3.559849572181702,0.0,0.005043859649122804,0.0,0.0,0.0
rep4,dirfix,4398,0.5,0.0,True,0.5,4.195789750417074,0.6666666666666666,0.0,3.733681639035543,0.7666666666666667,0.0,-0.46210811138153085,0.10000000000000009,0.0
rep4,dirfix,4398,1.0,0.0,True,0.5,5.31863694190979,0.26666666666666666,0.0,3.733681639035543,0.7666666666666667,0.0,-1.584955302874247,0.5,0.0
rep4,dirfix,4398,1.5,0.0,True,0.5,6.42907894452413,0.06666666666666667,0.0,3.733681639035543,0.7666666666666667,0.0,-2.6953973054885867,0.7000000000000001,0.0
rep4,dirfix,4398,2.0,0.0,True,0.5,6.859190845489502,0.0,0.0,3.733681639035543,0.7666666666666667,0.0,-3.1255092064539594,0.7666666666666667,0.0
rep4,dirfix,4398,3.0,0.0,True,0.5,6.9061026255289715,0.0,0.0,3.733681639035543,0.7666666666666667,0.0,-3.1724209864934285,0.7666666666666667,0.0
rep4,dirfix,4398,4.0,0.00111111111111111,True,0.3898550724637682,6.695966958999634,0.0,0.00111111111111111,3.6953881982213637,0.597777777777778,0.0011111111111111096,-3.00057876077827,0.597777777777778,-4.336808689942018e-19
rep4,dirfix,4398,5.0,0.0009259259259259234,True,0.4082125603864736,6.245006132125854,0.0,0.0009259259259259234,3.70177043835706,0.6259259259259262,0.0009259259259259238,-2.543235693768794,0.6259259259259262,4.336808689942018e-19
rep4,dirfix,6587,0.0,0.005043859649122804,True,0.0,3.559849572181702,0.16666666666666666,0.005043859649122804,3.559849572181702,0.16666666666666666,0.005043859649122804,0.0,0.0,0.0
rep4,dirfix,6587,0.5,0.0,False,,4.107233254114787,0.16666666666666666,0.0,,,,,,
rep4,dirfix,6587,1.0,0.0,False,,5.507696493466695,0.7333333333333333,0.0,,,,,,
rep4,dirfix,6587,1.5,0.0024390243902439,True,0.35100616963616466,6.545743942260742,0.8,0.0024390243902439,3.78420117405372,0.14326625535758902,0.0024390243902439,-2.7615427682070224,-0.6567337446424111,0.0
rep4,dirfix,6587,2.0,0.014491459308532477,True,0.6973413332131219,6.10467267036438,0.4666666666666667,0.014491459308532477,4.352732608444928,0.4622355553552031,0.014491459308532477,-1.751940061919452,-0.004431111311463565,0.0
rep4,dirfix,6587,3.0,0.010132713130444263,True,0.6319702626258067,5.337505292892456,0.3333333333333333,0.010132713130444263,4.195947949950048,0.35328377104301123,0.010132713130444263,-1.1415573429424084,0.019950437709677915,0.0
rep4,dirfix,6587,4.0,0.017116698137685085,True,0.7367138191981552,4.826267790794373,0.26666666666666666,0.017116698137685085,4.4471627854910984,0.5278563653302586,0.017116698137685085,-0.3791050053032743,0.26118969866359193,0.0
rep4,dirfix,6587,5.0,0.03251370223860296,True,0.9676331250696777,4.4350511948267615,0.16666666666666666,0.03251370223860296,5.000994995758844,0.9127218751161296,0.03251370223860296,0.5659438009320823,0.7460552084494629,0.0
rep4,dirfix,6911,0.0,0.005043859649122804,True,0.0,3.559849572181702,0.03333333333333333,0.005043859649122804,3.559849572181702,0.03333333333333333,0.005043859649122804,0.0,0.0,0.0
rep4,dirfix,6911,0.5,0.0,True,0.5,3.793166653315226,0.4,0.0,3.416846978664398,0.5,0.0,-0.37631967465082816,0.09999999999999998,0.0
rep4,dirfix,6911,1.0,0.0,True,0.5,4.642797223726908,0.4666666666666667,0.0,3.416846978664398,0.5,0.0,-1.22595024506251,0.033333333333333326,0.0
rep4,dirfix,6911,1.5,0.0,True,0.5,5.900172583262125,0.3,0.0,3.416846978664398,0.5,0.0,-2.483325604597727,0.2,0.0
rep4,dirfix,6911,2.0,0.0,True,0.5,6.463280153274536,0.1,0.0,3.416846978664398,0.5,0.0,-3.0464331746101383,0.4,0.0
rep4,dirfix,6911,3.0,0.0,True,0.5,6.832909774780274,0.0,0.0,3.416846978664398,0.5,0.0,-3.4160627961158756,0.5,0.0
rep4,dirfix,6911,4.0,0.0,True,0.5,6.864583905537923,0.06666666666666667,0.0,3.416846978664398,0.5,0.0,-3.4477369268735254,0.43333333333333335,0.0
rep4,dirfix,6911,5.0,0.0,True,0.5,6.784826310475667,0.2,0.0,3.416846978664398,0.5,0.0,-3.367979331811269,0.3,0.0
rep4,dirfix,7848,0.0,0.005043859649122804,True,0.0,3.559849572181702,0.26666666666666666,0.005043859649122804,3.5595034758249917,0.26666666666666666,0.005043859649122804,-0.00034609635671012384,0.0,0.0
rep4,dirfix,7848,0.5,0.0,True,0.5,4.304592235883077,0.13333333333333333,0.0,3.918728204568227,0.26666666666666666,0.0,-0.38586403131485003,0.13333333333333333,0.0
rep4,dirfix,7848,1.0,0.0,True,0.5,5.877863041559855,0.2,0.0,3.918728204568227,0.26666666666666666,0.0,-1.9591348369916277,0.06666666666666665,0.0
rep4,dirfix,7848,1.5,0.0,True,0.5,6.774360942840576,0.2,0.0,3.918728204568227,0.26666666666666666,0.0,-2.855632738272349,0.06666666666666665,0.0
rep4,dirfix,7848,2.0,0.0,True,0.5,6.453631337483724,0.16666666666666666,0.0,3.918728204568227,0.26666666666666666,0.0,-2.534903132915497,0.1,0.0
rep4,dirfix,7848,3.0,0.0,True,0.5,5.969557889302572,0.06666666666666667,0.0,3.918728204568227,0.26666666666666666,0.0,-2.050829684734345,0.2,0.0
rep4,dirfix,7848,4.0,0.0012345679012345666,True,0.3776167471819646,5.325090702374776,0.06666666666666667,0.0012345679012345666,3.83080202297568,0.26666666666666666,0.0012345679012345668,-1.4942886793990966,0.2,2.168404344971009e-19
rep4,dirfix,7848,5.0,0.0,True,0.5,4.924134651819865,0.03333333333333333,0.0,3.918728204568227,0.26666666666666666,0.0,-1.0054064472516382,0.23333333333333334,0.0
rep4,dirfix,14891,0.0,0.005043859649122804,True,0.0,3.559849572181702,0.03333333333333333,0.005043859649122804,3.5595034758249917,0.03333333333333333,0.005043859649122804,-0.00034609635671012384,0.0,0.0
rep4,dirfix,14891,0.5,0.0018018018018018,True,3.9846082155294034,4.125027982393901,0.43333333333333335,0.0018018018018018,1.4830543153939708,0.007695892235298318,0.0018018018018017973,-2.64197366699993,-0.42563744109803503,-2.8189256484623115e-18
rep4,dirfix,14891,1.0,0.0,True,4.0,5.1933200041453045,0.8666666666666667,0.0,1.467052807410558,0.0,0.0,-3.7262671967347467,-0.8666666666666667,0.0
rep4,dirfix,14891,1.5,0.0,True,4.0,6.262852255503336,0.7333333333333333,0.0,1.467052807410558,0.0,0.0,-4.795799448092779,-0.7333333333333333,0.0
rep4,dirfix,14891,2.0,0.0,True,4.0,7.241084973017375,0.36666666666666664,0.0,1.467052807410558,0.0,0.0,-5.774032165606817,-0.36666666666666664,0.0
rep4,dirfix,14891,3.0,0.0,True,4.0,4.991898059844971,0.0,0.0,1.467052807410558,0.0,0.0,-3.524845252434413,0.0,0.0
rep4,dirfix,14891,4.0,0.0,True,4.0,2.061070704460144,0.0,0.0,1.467052807410558,0.0,0.0,-0.594017897049586,0.0,0.0
rep4,dirfix,14891,5.0,0.0,True,4.0,1.5190405229727426,0.0,0.0,1.467052807410558,0.0,0.0,-0.05198771556218462,0.0,0.0
rep4,dirfix,15507,0.0,0.005043859649122804,True,0.0,3.559849572181702,0.03333333333333333,0.005043859649122804,3.5595034758249917,0.03333333333333333,0.005043859649122804,-0.00034609635671012384,0.0,0.0
rep4,dirfix,15507,0.5,0.0009259259259259234,True,2.9661389621811787,3.8546272993087767,0.03333333333333333,0.0009259259259259234,1.2618904170027858,0.0,0.0009259259259259238,-2.592736882305991,-0.03333333333333333,4.336808689942018e-19
rep4,dirfix,15507,1.0,0.0,True,3.0,4.309838636716207,0.0,0.0,1.2482963939507803,0.0,0.0,-3.0615422427654266,0.0,0.0
rep4,dirfix,15507,1.5,0.0,True,3.0,1.8906424542268117,0.0,0.0,1.2482963939507803,0.0,0.0,-0.6423460602760314,0.0,0.0
rep4,dirfix,15507,2.0,0.0,True,3.0,1.3967510263125102,0.0,0.0,1.2482963939507803,0.0,0.0,-0.14845463236172995,0.0,0.0
rep4,dirfix,15507,3.0,0.0,True,3.0,1.1643040875593822,0.0,0.0,1.2482963939507803,0.0,0.0,0.0839923063913981,0.0,0.0
rep4,dirfix,15507,4.0,0.0,True,3.0,1.1276821851730348,0.0,0.0,1.2482963939507803,0.0,0.0,0.12061420877774554,0.0,0.0
rep4,dirfix,15507,5.0,0.0,True,3.0,1.1276821851730348,0.0,0.0,1.2482963939507803,0.0,0.0,0.12061420877774554,0.0,0.0
rep4,dirfix,15664,0.0,0.005043859649122804,True,0.0,3.559849572181702,0.1,0.005043859649122804,3.558959412574768,0.1,0.005043859649122804,-0.000890159606933949,0.0,0.0
rep4,dirfix,15664,0.5,0.0,True,0.5,3.7595556418100995,0.43333333333333335,0.0,3.8599855581919353,0.4666666666666667,0.0,0.10042991638183585,0.033333333333333326,0.0
rep4,dirfix,15664,1.0,0.0,True,0.5,4.841157619158427,0.9333333333333333,0.0,3.8599855581919353,0.4666666666666667,0.0,-0.9811720609664913,-0.4666666666666667,0.0
rep4,dirfix,15664,1.5,0.009987697487697476,True,1.5433961974461838,5.953914276758829,0.43333333333333335,0.009987697487697476,5.775422169198576,0.6652830420430529,0.009987697487697476,-0.17849210756025347,0.23194970870971954,0.0
rep4,dirfix,15664,2.0,0.24233419585353205,True,2.302869442470686,4.552017609278361,0.13333333333333333,0.24233419585353205,4.866483642356335,0.20913916725879417,0.24233419585353205,0.3144660330779736,0.07580583392546084,0.0
rep4,dirfix,15664,3.0,0.8354747485660702,True,4.142688551092667,2.0735364397366842,0.0,0.8354747485660702,2.1645022977738586,0.0,0.8354747485660702,0.09096585803717439,0.0,0.0
rep4,dirfix,15664,4.0,0.9317340067340066,False,,1.6130270759264629,0.0,0.9317340067340066,,,,,,
rep4,dirfix,15664,5.0,0.9488888888888888,False,,1.5647426227728525,0.0,0.9488888888888888,,,,,,
rep4,dirfix,17102,0.0,0.005043859649122804,True,0.0,3.559849572181702,0.0,0.005043859649122804,3.5595034758249917,0.0,0.005043859649122804,-0.00034609635671012384,0.0,0.0
rep4,dirfix,17102,0.5,0.0009009009009008967,True,0.5135135135135145,3.9846853812535605,0.4666666666666667,0.0009009009009008967,3.6569225210327296,0.3792792792792801,0.0009009009009008967,-0.3277628602208309,-0.08738738738738655,0.0
rep4,dirfix,17102,1.0,0.006666666666666664,True,2.0572599160295924,5.143382604916891,0.3333333333333333,0.006666666666666664,6.612767438971351,0.5923653445293877,0.006666666666666664,1.46938483405446,0.2590320111960544,0.0
rep4,dirfix,17102,1.5,0.0,True,1.0,6.221953344345093,0.03333333333333333,0.0,4.306217726071676,0.8333333333333334,0.0,-1.915735618273417,0.8,0.0
rep4,dirfix,17102,2.0,0.0,True,1.0,6.682785193125407,0.03333333333333333,0.0,4.306217726071676,0.8333333333333334,0.0,-2.3765674670537313,0.8,0.0
rep4,dirfix,17102,3.0,0.0,True,1.0,6.202413781483968,0.03333333333333333,0.0,4.306217726071676,0.8333333333333334,0.0,-1.8961960554122923,0.8,0.0
rep4,dirfix,17102,4.0,0.00119047619047619,True,0.4678782755705831,5.834643300374349,0.0,0.00119047619047619,3.633786701091278,0.34311073541842757,0.0011904761904761897,-2.200856599283071,0.34311073541842757,-2.168404344971009e-19
rep4,dirfix,17102,5.0,0.00119047619047619,True,0.4678782755705831,5.537648773193359,0.0,0.00119047619047619,3.633786701091278,0.34311073541842757,0.0011904761904761897,-1.903862072102081,0.34311073541842757,-2.168404344971009e-19
rep4,dirfix,23257,0.0,0.005043859649122804,True,0.0,3.559849572181702,0.0,0.005043859649122804,3.559849572181702,0.0,0.005043859649122804,0.0,0.0,0.0
rep4,dirfix,23257,0.5,0.0,True,0.5,3.6794824798901877,0.03333333333333333,0.0,3.6507984598477683,0.16666666666666666,0.0,-0.028684020042419434,0.13333333333333333,0.0
rep4,dirfix,23257,1.0,0.0,True,0.5,5.006562582651774,0.26666666666666666,0.0,3.6507984598477683,0.16666666666666666,0.0,-1.3557641228040054,-0.1,0.0
rep4,dirfix,23257,1.5,0.002983870967741937,True,0.20420757363253822,6.709430344899496,0.2,0.002983870967741937,3.5969944755314334,0.06806919121084606,0.002983870967741937,-3.1124358693680625,-0.13193080878915395,0.0
rep4,dirfix,23257,2.0,0.0,True,0.5,7.616453393300374,0.06666666666666667,0.0,3.6507984598477683,0.16666666666666666,0.0,-3.965654933452606,0.09999999999999999,0.0
rep4,dirfix,23257,3.0,0.0,True,0.5,6.501924117406209,0.0,0.0,3.6507984598477683,0.16666666666666666,0.0,-2.8511256575584407,0.16666666666666666,0.0
rep4,dirfix,23257,4.0,0.0,True,0.5,5.429689741134643,0.0,0.0,3.6507984598477683,0.16666666666666666,0.0,-1.778891281286875,0.16666666666666666,0.0
rep4,dirfix,23257,5.0,0.0,True,0.5,4.956515709559123,0.0,0.0,3.6507984598477683,0.16666666666666666,0.0,-1.3057172497113547,0.16666666666666666,0.0
rep4,residual,359,0.0,0.005043859649122804,True,0.0,3.559849572181702,0.0,0.005043859649122804,3.5595034758249917,0.0,0.005043859649122804,-0.00034609635671012384,0.0,0.0
rep4,residual,359,0.5,0.0,True,0.5,4.578107786178589,0.6,0.0,4.355831933021546,0.5666666666666667,0.0,-0.22227585315704346,-0.033333333333333326,0.0
rep4,residual,359,1.0,0.053616091827464116,True,1.0557169041226462,4.445861593882243,0.6333333333333333,0.053616091827464116,4.5019238311231256,0.5146642228188636,0.053616091827464116,0.05606223724088277,-0.11866911051446971,0.0
rep4,residual,359,1.5,0.3815123968539418,True,1.6421731521740224,3.1642854889233907,0.2,0.3815123968539418,3.5499956174576215,0.07156536956519552,0.3815123968539418,0.3857101285342308,-0.1284346304348045,0.0
rep4,residual,359,2.0,0.7363399928572929,True,2.62357000306044,2.136661779880524,0.0,0.7363399928572929,2.0092993058650195,0.0,0.7363399928572929,-0.12736247401550438,0.0,0.0
rep4,residual,359,3.0,0.8103703703703703,True,2.97944422576467,1.6747957905133566,0.0,0.8103703703703703,1.6759401905193938,0.0,0.8103703703703703,0.0011444000060372161,0.0,0.0
rep4,residual,359,4.0,0.8844444444444444,True,3.557183174304529,1.1897318045298257,0.0,0.8844444444444444,1.277368677297929,0.0,0.8844444444444444,0.08763687276810317,0.0,0.0
rep4,residual,359,5.0,0.9688888888888888,True,5.0,0.8348305702209473,0.0,0.9688888888888888,0.8352371017138164,0.0,0.9688888888888888,0.00040653149286906665,0.0,0.0
rep4,residual,1344,0.0,0.005043859649122804,True,0.0,3.559849572181702,0.0,0.005043859649122804,3.559849564234416,0.0,0.005043859649122804,-7.947285940446136e-09,0.0,0.0
rep4,residual,1344,0.5,0.0,True,1.0,4.255307308832804,0.4666666666666667,0.0,5.464333558082581,1.0,0.0,1.209026249249777,0.5333333333333333,0.0
rep4,residual,1344,1.0,0.0027777777777777766,True,0.9043764988009593,5.5208391666412355,0.9666666666666667,0.0027777777777777766,5.224512438863206,0.878876898481215,0.0027777777777777766,-0.2963267277780295,-0.0877897681854517,0.0
rep4,residual,1344,1.5,0.0,True,1.0,6.587676858901977,0.9,0.0,5.464333558082581,1.0,0.0,-1.1233433008193963,0.09999999999999998,0.0
rep4,residual,1344,2.0,0.0,True,1.0,6.8398193200429285,0.6666666666666666,0.0,5.464333558082581,1.0,0.0,-1.3754857619603476,0.33333333333333337,0.0
rep4,residual,1344,3.0,0.0,True,1.0,7.144840987523397,0.2,0.0,5.464333558082581,1.0,0.0,-1.6805074294408158,0.8,0.0
rep4,residual,1344,4.0,0.0,True,1.0,6.61721510887146,0.1,0.0,5.464333558082581,1.0,0.0,-1.1528815507888792,0.9,0.0
rep4,residual,1344,5.0,0.0,True,1.0,5.173409016927083,0.1,0.0,5.464333558082581,1.0,0.0,0.2909245411554977,0.9,0.0
rep4,residual,4317,0.0,0.005043859649122804,True,0.0,3.559849572181702,0.03333333333333333,0.005043859649122804,3.559849572181702,0.03333333333333333,0.005043859649122804,0.0,0.0,0.0
rep4,residual,4317,0.5,0.0,True,0.5,3.910381007194519,0.03333333333333333,0.0,3.9396411657333372,0.03333333333333333,0.0,0.02926015853881836,0.0,0.0
rep4,residual,4317,1.0,0.0,True,0.5,4.355145724614461,0.16666666666666666,0.0,3.9396411657333372,0.03333333333333333,0.0,-0.4155045588811239,-0.13333333333333333,0.0
rep4,residual,4317,1.5,0.0,True,0.5,5.164029343922933,0.36666666666666664,0.0,3.9396411657333372,0.03333333333333333,0.0,-1.2243881781895958,-0.3333333333333333,0.0
rep4,residual,4317,2.0,0.0,True,0.5,5.953251806894938,0.13333333333333333,0.0,3.9396411657333372,0.03333333333333333,0.0,-2.013610641161601,-0.1,0.0
rep4,residual,4317,3.0,0.006290726817042599,True,4.7412984668506075,6.8609598477681475,0.06666666666666667,0.006290726817042599,6.5558911374053155,0.008623384438313092,0.006290726817042599,-0.305068710362832,-0.058043282228353574,0.0
rep4,residual,4317,4.0,0.0593510376635731,False,,6.069953791300455,0.0,0.0593510376635731,,,,,,
rep4,residual,4317,5.0,0.12751788781463078,False,,5.0932507912317915,0.0,0.12751788781463078,,,,,,
rep4,residual,4398,0.0,0.005043859649122804,True,0.0,3.559849572181702,0.0,0.005043859649122804,3.559849572181702,0.0,0.005043859649122804,0.0,0.0,0.0
rep4,residual,4398,0.5,0.0,True,0.5,4.195789750417074,0.6666666666666666,0.0,4.217456722259522,0.6,0.0,0.021666971842448035,-0.06666666666666665,0.0
rep4,residual,4398,1.0,0.0,True,0.5,5.31863694190979,0.26666666666666666,0.0,4.217456722259522,0.6,0.0,-1.101180219650268,0.3333333333333333,0.0
rep4,residual,4398,1.5,0.0,True,0.5,6.42907894452413,0.06666666666666667,0.0,4.217456722259522,0.6,0.0,-2.211622222264608,0.5333333333333333,0.0
rep4,residual,4398,2.0,0.0,True,0.5,6.859190845489502,0.0,0.0,4.217456722259522,0.6,0.0,-2.6417341232299805,0.6,0.0
rep4,residual,4398,3.0,0.0,True,0.5,6.9061026255289715,0.0,0.0,4.217456722259522,0.6,0.0,-2.6886459032694496,0.6,0.0
rep4,residual,4398,4.0,0.00111111111111111,True,0.3898550724637682,6.695966958999634,0.0,0.00111111111111111,4.072592538474263,0.46782608695652184,0.0011111111111111096,-2.623374420525371,0.46782608695652184,-4.336808689942018e-19
rep4,residual,4398,5.0,0.0009259259259259234,True,0.4082125603864736,6.245006132125854,0.0,0.0009259259259259234,4.09673656910514,0.48985507246376825,0.0009259259259259238,-2.1482695630207145,0.48985507246376825,4.336808689942018e-19
rep4,residual,6587,0.0,0.005043859649122804,True,0.0,3.559849572181702,0.16666666666666666,0.005043859649122804,3.559849572181702,0.16666666666666666,0.005043859649122804,0.0,0.0,0.0
rep4,residual,6587,0.5,0.0,False,,4.107233254114787,0.16666666666666666,0.0,,,,,,
rep4,residual,6587,1.0,0.0,False,,5.507696493466695,0.7333333333333333,0.0,,,,,,
rep4,residual,6587,1.5,0.0024390243902439,True,0.33799325798136043,6.545743942260742,0.8,0.0024390243902439,3.98610728565357,0.14413378280124264,0.0024390243902439,-2.559636656607172,-0.6558662171987574,0.0
rep4,residual,6587,2.0,0.014491459308532477,True,3.704393806273465,6.10467267036438,0.4666666666666667,0.014491459308532477,5.110211223790692,0.3060808258302047,0.014491459308532477,-0.9944614465736876,-0.160585840836462,0.0
rep4,residual,6587,3.0,0.010132713130444263,True,3.1146271465450677,5.337505292892456,0.3333333333333333,0.010132713130444263,5.5842127263273476,0.3847163804606577,0.010132713130444263,0.24670743343489132,0.05138304712732439,0.0
rep4,residual,6587,4.0,0.017116698137685085,True,4.0168782211008915,4.826267790794373,0.26666666666666666,0.017116698137685085,4.864630843383395,0.26441623718654783,0.017116698137685085,0.038363052589022395,-0.002250429480118832,0.0
rep4,residual,6587,5.0,0.03251370223860296,True,4.60679940470883,4.4350511948267615,0.16666666666666666,0.03251370223860296,4.585064850185396,0.1857600793721561,0.03251370223860296,0.15001365535863442,0.01909341270548945,0.0
rep4,residual,6911,0.0,0.005043859649122804,True,0.0,3.559849572181702,0.03333333333333333,0.005043859649122804,3.559849572181702,0.03333333333333333,0.005043859649122804,0.0,0.0,0.0
rep4,residual,6911,0.5,0.0,True,0.5,3.793166653315226,0.4,0.0,3.9877615610758466,0.5,0.0,0.19459490776062038,0.09999999999999998,0.0
rep4,residual,6911,1.0,0.0,True,0.5,4.642797223726908,0.4666666666666667,0.0,3.9877615610758466,0.5,0.0,-0.6550356626510614,0.033333333333333326,0.0
rep4,residual,6911,1.5,0.0,True,0.5,5.900172583262125,0.3,0.0,3.9877615610758466,0.5,0.0,-1.9124110221862787,0.2,0.0
rep4,residual,6911,2.0,0.0,True,0.5,6.463280153274536,0.1,0.0,3.9877615610758466,0.5,0.0,-2.4755185921986897,0.4,0.0
rep4,residual,6911,3.0,0.0,True,0.5,6.832909774780274,0.0,0.0,3.9877615610758466,0.5,0.0,-2.845148213704427,0.5,0.0
rep4,residual,6911,4.0,0.0,True,0.5,6.864583905537923,0.06666666666666667,0.0,3.9877615610758466,0.5,0.0,-2.876822344462077,0.43333333333333335,0.0
rep4,residual,6911,5.0,0.0,True,0.5,6.784826310475667,0.2,0.0,3.9877615610758466,0.5,0.0,-2.7970647493998206,0.3,0.0
rep4,residual,7848,0.0,0.005043859649122804,True,0.0,3.559849572181702,0.26666666666666666,0.005043859649122804,3.558613316218058,0.26666666666666666,0.005043859649122804,-0.0012362559636436288,0.0,0.0
rep4,residual,7848,0.5,0.0,True,0.5,4.304592235883077,0.13333333333333333,0.0,3.9312942306200664,0.26666666666666666,0.0,-0.3732980052630106,0.13333333333333333,0.0
rep4,residual,7848,1.0,0.0,True,0.5,5.877863041559855,0.2,0.0,3.9312942306200664,0.26666666666666666,0.0,-1.9465688109397883,0.06666666666666665,0.0
rep4,residual,7848,1.5,0.0,True,0.5,6.774360942840576,0.2,0.0,3.9312942306200664,0.26666666666666666,0.0,-2.8430667122205096,0.06666666666666665,0.0
rep4,residual,7848,2.0,0.0,True,0.5,6.453631337483724,0.16666666666666666,0.0,3.9312942306200664,0.26666666666666666,0.0,-2.5223371068636578,0.1,0.0
rep4,residual,7848,3.0,0.0,True,0.5,5.969557889302572,0.06666666666666667,0.0,3.9312942306200664,0.26666666666666666,0.0,-2.0382636586825056,0.2,0.0
rep4,residual,7848,4.0,0.0012345679012345666,True,0.3776167471819646,5.325090702374776,0.06666666666666667,0.0012345679012345666,3.840074425484631,0.26666666666666666,0.0012345679012345668,-1.4850162768901454,0.2,2.168404344971009e-19
rep4,residual,7848,5.0,0.0,True,0.5,4.924134651819865,0.03333333333333333,0.0,3.9312942306200664,0.26666666666666666,0.0,-0.9928404211997988,0.23333333333333334,0.0
rep4,residual,14891,0.0,0.005043859649122804,True,0.0,3.559849572181702,0.03333333333333333,0.005043859649122804,3.5595034758249917,0.03333333333333333,0.005043859649122804,-0.00034609635671012384,0.0,0.0
rep4,residual,14891,0.5,0.0018018018018018,True,0.3213866039952997,4.125027982393901,0.43333333333333335,0.0018018018018018,3.9275727159688394,0.11903642773207992,0.0018018018018017999,-0.19745526642506128,-0.31429690560125345,-2.168404344971009e-19
rep4,residual,14891,1.0,0.0,True,0.5,5.1933200041453045,0.8666666666666667,0.0,4.132130392392477,0.16666666666666666,0.0,-1.0611896117528277,-0.7000000000000001,0.0
rep4,residual,14891,1.5,0.0,True,0.5,6.262852255503336,0.7333333333333333,0.0,4.132130392392477,0.16666666666666666,0.0,-2.1307218631108595,-0.5666666666666667,0.0
rep4,residual,14891,2.0,0.0,True,0.5,7.241084973017375,0.36666666666666664,0.0,4.132130392392477,0.16666666666666666,0.0,-3.108954580624898,-0.19999999999999998,0.0
rep4,residual,14891,3.0,0.0,True,0.5,4.991898059844971,0.0,0.0,4.132130392392477,0.16666666666666666,0.0,-0.8597676674524939,0.16666666666666666,0.0
rep4,residual,14891,4.0,0.0,True,0.5,2.061070704460144,0.0,0.0,4.132130392392477,0.16666666666666666,0.0,2.071059687932333,0.16666666666666666,0.0
rep4,residual,14891,5.0,0.0,True,0.5,1.5190405229727426,0.0,0.0,4.132130392392477,0.16666666666666666,0.0,2.613089869419734,0.16666666666666666,0.0
rep4,residual,15507,0.0,0.005043859649122804,True,0.0,3.559849572181702,0.03333333333333333,0.005043859649122804,3.5595034758249917,0.03333333333333333,0.005043859649122804,-0.00034609635671012384,0.0,0.0
rep4,residual,15507,0.5,0.0009259259259259234,True,0.4082125603864736,3.8546272993087767,0.03333333333333333,0.0009259259259259234,3.795605474585688,0.060547504025764906,0.0009259259259259238,-0.05902182472308848,0.027214170692431573,4.336808689942018e-19
rep4,residual,15507,1.0,0.0,True,0.5,4.309838636716207,0.0,0.0,3.8486934979756673,0.06666666666666667,0.0,-0.46114513874053964,0.06666666666666667,0.0
rep4,residual,15507,1.5,0.0,True,0.5,1.8906424542268117,0.0,0.0,3.8486934979756673,0.06666666666666667,0.0,1.9580510437488556,0.06666666666666667,0.0
rep4,residual,15507,2.0,0.0,True,0.5,1.3967510263125102,0.0,0.0,3.8486934979756673,0.06666666666666667,0.0,2.4519424716631573,0.06666666666666667,0.0
rep4,residual,15507,3.0,0.0,True,0.5,1.1643040875593822,0.0,0.0,3.8486934979756673,0.06666666666666667,0.0,2.6843894104162853,0.06666666666666667,0.0
rep4,residual,15507,4.0,0.0,True,0.5,1.1276821851730348,0.0,0.0,3.8486934979756673,0.06666666666666667,0.0,2.7210113128026325,0.06666666666666667,0.0
rep4,residual,15507,5.0,0.0,True,0.5,1.1276821851730348,0.0,0.0,3.8486934979756673,0.06666666666666667,0.0,2.7210113128026325,0.06666666666666667,0.0
rep4,residual,15664,0.0,0.005043859649122804,True,0.0,3.559849572181702,0.1,0.005043859649122804,3.5595034758249917,0.1,0.005043859649122804,-0.00034609635671012384,0.0,0.0
rep4,residual,15664,0.5,0.0,True,0.5,3.7595556418100995,0.43333333333333335,0.0,3.641310779253642,0.3666666666666666,0.0,-0.11824486255645761,-0.06666666666666676,0.0
rep4,residual,15664,1.0,0.0,True,0.5,4.841157619158427,0.9333333333333333,0.0,3.641310779253642,0.3666666666666666,0.0,-1.1998468399047848,-0.5666666666666668,0.0
rep4,residual,15664,1.5,0.009987697487697476,True,1.2769422922458835,5.953914276758829,0.43333333333333335,0.009987697487697476,4.998249268525833,0.9035923056327845,0.009987697487697476,-0.9556650082329963,0.47025897229945113,0.0
rep4,residual,15664,2.0,0.24233419585353205,True,2.0556965721634683,4.552017609278361,0.13333333333333333,0.24233419585353205,4.639623911727154,0.1888606855673063,0.24233419585353205,0.0876063024487923,0.05552735223397298,0.0
rep4,residual,15664,3.0,0.8354747485660702,True,2.970826982650654,2.0735364397366842,0.0,0.8354747485660702,2.0227030228578853,0.005834603469869221,0.8354747485660702,-0.05083341687879894,0.005834603469869221,0.0
rep4,residual,15664,4.0,0.9317340067340066,True,4.803949224259522,1.6130270759264629,0.0,0.9317340067340066,1.438973636284197,0.0,0.9317340067340066,-0.17405343964226594,0.0,0.0
rep4,residual,15664,5.0,0.9488888888888888,False,,1.5647426227728525,0.0,0.9488888888888888,,,,,,
rep4,residual,17102,0.0,0.005043859649122804,True,0.0,3.559849572181702,0.0,0.005043859649122804,3.559849572181702,0.0,0.005043859649122804,0.0,0.0,0.0
rep4,residual,17102,0.5,0.0009009009009008967,True,0.5135135135135145,3.9846853812535605,0.4666666666666667,0.0009009009009008967,3.9752333679714735,0.30360360360360383,0.0009009009009008967,-0.009452013282087002,-0.16306306306306284,0.0
rep4,residual,17102,1.0,0.006666666666666664,False,,5.143382604916891,0.3333333333333333,0.006666666666666664,,,,,,
rep4,residual,17102,1.5,0.0,True,1.0,6.221953344345093,0.03333333333333333,0.0,5.005219221115112,0.43333333333333335,0.0,-1.2167341232299806,0.4,0.0
rep4,residual,17102,2.0,0.0,True,1.0,6.682785193125407,0.03333333333333333,0.0,5.005219221115112,0.43333333333333335,0.0,-1.677565972010295,0.4,0.0
rep4,residual,17102,3.0,0.0,True,1.0,6.202413781483968,0.03333333333333333,0.0,5.005219221115112,0.43333333333333335,0.0,-1.1971945603688559,0.4,0.0
rep4,residual,17102,4.0,0.00119047619047619,True,0.4678782755705831,5.834643300374349,0.0,0.00119047619047619,3.921775013394811,0.28072696534234987,0.0011904761904761897,-1.9128682869795384,0.28072696534234987,-2.168404344971009e-19
rep4,residual,17102,5.0,0.00119047619047619,True,0.4678782755705831,5.537648773193359,0.0,0.00119047619047619,3.921775013394811,0.28072696534234987,0.0011904761904761897,-1.6158737597985482,0.28072696534234987,-2.168404344971009e-19
rep4,residual,23257,0.0,0.005043859649122804,True,0.0,3.559849572181702,0.0,0.005043859649122804,3.559849572181702,0.0,0.005043859649122804,0.0,0.0,0.0
rep4,residual,23257,0.5,0.0,True,0.5,3.6794824798901877,0.03333333333333333,0.0,3.7069372812906902,0.0,0.0,0.027454801400502493,-0.03333333333333333,0.0
rep4,residual,23257,1.0,0.0,True,0.5,5.006562582651774,0.26666666666666666,0.0,3.7069372812906902,0.0,0.0,-1.2996253013610835,-0.26666666666666666,0.0
rep4,residual,23257,1.5,0.002983870967741937,True,0.20420757363253822,6.709430344899496,0.2,0.002983870967741937,3.619922420558332,0.0,0.002983870967741937,-3.089507924341164,-0.2,0.0
rep4,residual,23257,2.0,0.0,True,0.5,7.616453393300374,0.06666666666666667,0.0,3.7069372812906902,0.0,0.0,-3.909516112009684,-0.06666666666666667,0.0
rep4,residual,23257,3.0,0.0,True,0.5,6.501924117406209,0.0,0.0,3.7069372812906902,0.0,0.0,-2.794986836115519,0.0,0.0
rep4,residual,23257,4.0,0.0,True,0.5,5.429689741134643,0.0,0.0,3.7069372812906902,0.0,0.0,-1.722752459843953,0.0,0.0
rep4,residual,23257,5.0,0.0,True,0.5,4.956515709559123,0.0,0.0,3.7069372812906902,0.0,0.0,-1.2495784282684328,0.0,0.0
rep4,shared,359,0.0,0.005043859649122804,True,0.0,3.559849572181702,0.0,0.005043859649122804,3.558613316218058,0.0,0.005043859649122804,-0.0012362559636436288,0.0,0.0
rep4,shared,359,0.5,0.0,False,,4.578107786178589,0.6,0.0,,,,,,
rep4,shared,359,1.0,0.053616091827464116,True,0.5245547877258102,4.445861593882243,0.6333333333333333,0.053616091827464116,3.3406724002971524,0.54151826257527,0.053616091827464116,-1.1051891935850904,-0.09181507075806328,0.0
rep4,shared,359,1.5,0.3815123968539418,True,0.8047615214887522,3.1642854889233907,0.2,0.3815123968539418,2.669573590561105,0.6349205071629174,0.3815123968539418,-0.4947118983622856,0.43492050716291736,0.0
rep4,shared,359,2.0,0.7363399928572929,True,1.3393865533748945,2.136661779880524,0.0,0.7363399928572929,1.6866481665019153,0.45111652752507736,0.7363399928572929,-0.45001361337860857,0.45111652752507736,0.0
rep4,shared,359,3.0,0.8103703703703703,True,1.5716433325760042,1.6747957905133566,0.0,0.8103703703703703,1.391203063471932,0.2903473337877308,0.8103703703703703,-0.2835927270414247,0.2903473337877308,0.0
rep4,shared,359,4.0,0.8844444444444444,True,1.9445644483087545,1.1897318045298257,0.0,0.8844444444444444,1.1227757308432063,0.06659466434808065,0.8844444444444444,-0.06695607368661949,0.06659466434808065,0.0
rep4,shared,359,5.0,0.9688888888888888,True,3.945918277808655,0.8348305702209473,0.0,0.9688888888888888,0.8358440220601222,0.0018027240730448327,0.9688888888888888,0.0010134518391748948,0.0018027240730448327,0.0
rep4,shared,1344,0.0,0.005043859649122804,True,0.0,3.559849572181702,0.0,0.005043859649122804,3.559849572181702,0.0,0.005043859649122804,0.0,0.0,0.0
rep4,shared,1344,0.5,0.0,False,,4.255307308832804,0.4666666666666667,0.0,,,,,,
rep4,shared,1344,1.0,0.0027777777777777766,False,,5.5208391666412355,0.9666666666666667,0.0027777777777777766,,,,,,
rep4,shared,1344,1.5,0.0,False,,6.587676858901977,0.9,0.0,,,,,,
rep4,shared,1344,2.0,0.0,False,,6.8398193200429285,0.6666666666666666,0.0,,,,,,
rep4,shared,1344,3.0,0.0,False,,7.144840987523397,0.2,0.0,,,,,,
rep4,shared,1344,4.0,0.0,False,,6.61721510887146,0.1,0.0,,,,,,
rep4,shared,1344,5.0,0.0,False,,5.173409016927083,0.1,0.0,,,,,,
rep4,shared,4317,0.0,0.005043859649122804,True,0.0,3.559849572181702,0.03333333333333333,0.005043859649122804,3.559849572181702,0.03333333333333333,0.005043859649122804,0.0,0.0,0.0
rep4,shared,4317,0.5,0.0,True,0.5,3.910381007194519,0.03333333333333333,0.0,3.5548529307047527,0.06666666666666667,0.0,-0.35552807648976614,0.03333333333333333,0.0
rep4,shared,4317,1.0,0.0,True,0.5,4.355145724614461,0.16666666666666666,0.0,3.5548529307047527,0.06666666666666667,0.0,-0.8002927939097084,-0.09999999999999999,0.0
rep4,shared,4317,1.5,0.0,True,0.5,5.164029343922933,0.36666666666666664,0.0,3.5548529307047527,0.06666666666666667,0.0,-1.6091764132181803,-0.3,0.0
rep4,shared,4317,2.0,0.0,True,0.5,5.953251806894938,0.13333333333333333,0.0,3.5548529307047527,0.06666666666666667,0.0,-2.3983988761901855,-0.06666666666666667,0.0
rep4,shared,4317,3.0,0.006290726817042599,True,2.2021747894688506,6.8609598477681475,0.06666666666666667,0.006290726817042599,5.057222376840823,0.8868841456135518,0.006290726817042599,-1.8037374709273246,0.8202174789468851,0.0
rep4,shared,4317,4.0,0.0593510376635731,True,3.407246160724385,6.069953791300455,0.0,0.0593510376635731,5.316237902994249,0.9802415386908129,0.059351037663573095,-0.7537158883062061,0.9802415386908129,-6.938893903907228e-18
rep4,shared,4317,5.0,0.12751788781463078,True,4.587419827711443,5.0932507912317915,0.0,0.12751788781463078,4.563238304288374,1.0,0.12751788781463078,-0.5300124869434173,1.0,0.0
rep4,shared,4398,0.0,0.005043859649122804,True,0.0,3.559849572181702,0.0,0.005043859649122804,3.559849572181702,0.0,0.005043859649122804,0.0,0.0,0.0
rep4,shared,4398,0.5,0.0,True,0.5,4.195789750417074,0.6666666666666666,0.0,3.6939326961835226,0.7333333333333333,0.0,-0.5018570542335512,0.06666666666666665,0.0
rep4,shared,4398,1.0,0.0,True,0.5,5.31863694190979,0.26666666666666666,0.0,3.6939326961835226,0.7333333333333333,0.0,-1.6247042457262673,0.4666666666666666,0.0
rep4,shared,4398,1.5,0.0,True,0.5,6.42907894452413,0.06666666666666667,0.0,3.6939326961835226,0.7333333333333333,0.0,-2.735146248340607,0.6666666666666666,0.0
rep4,shared,4398,2.0,0.0,True,0.5,6.859190845489502,0.0,0.0,3.6939326961835226,0.7333333333333333,0.0,-3.1652581493059797,0.7333333333333333,0.0
rep4,shared,4398,3.0,0.0,True,0.5,6.9061026255289715,0.0,0.0,3.6939326961835226,0.7333333333333333,0.0,-3.212169929345449,0.7333333333333333,0.0
rep4,shared,4398,4.0,0.00111111111111111,True,0.3898550724637682,6.695966958999634,0.0,0.00111111111111111,3.664395544229498,0.5717874396135266,0.0011111111111111096,-3.0315714147701356,0.5717874396135266,-4.336808689942018e-19
rep4,shared,4398,5.0,0.0009259259259259234,True,0.4082125603864736,6.245006132125854,0.0,0.0009259259259259234,3.669318402888502,0.5987117552334945,0.0009259259259259238,-2.575687729237352,0.5987117552334945,4.336808689942018e-19
rep4,shared,6587,0.0,0.005043859649122804,True,0.0,3.559849572181702,0.16666666666666666,0.005043859649122804,3.559849572181702,0.16666666666666666,0.005043859649122804,0.0,0.0,0.0
rep4,shared,6587,0.5,0.0,False,,4.107233254114787,0.16666666666666666,0.0,,,,,,
rep4,shared,6587,1.0,0.0,False,,5.507696493466695,0.7333333333333333,0.0,,,,,,
rep4,shared,6587,1.5,0.0024390243902439,True,0.3228794149555992,6.545743942260742,0.8,0.0024390243902439,3.665445268735174,0.16666666666666666,0.0024390243902439,-2.880298673525568,-0.6333333333333334,0.0
rep4,shared,6587,2.0,0.014491459308532477,True,0.5359162534662731,6.10467267036438,0.4666666666666667,0.014491459308532477,3.7384411271785694,0.22413267221270372,0.014491459308532477,-2.3662315431858105,-0.24253399445396295,0.0
rep4,shared,6587,3.0,0.010132713130444263,True,0.5243039345098384,5.337505292892456,0.3333333333333333,0.010132713130444263,3.733568851263211,0.20555296188240801,0.010132713130444263,-1.6039364416292452,-0.1277803714509253,0.0
rep4,shared,6587,4.0,0.017116698137685085,True,0.5429102626091291,4.826267790794373,0.26666666666666666,0.017116698137685085,3.7413756609634556,0.23532308684127334,0.017116698137685085,-1.084892129830917,-0.03134357982539332,0.0
rep4,shared,6587,5.0,0.03251370223860296,True,0.5839300686010932,4.4350511948267615,0.16666666666666666,0.03251370223860296,3.7585866774311496,0.30095477642841584,0.03251370223860296,-0.6764645173956119,0.13428810976174918,0.0
rep4,shared,6911,0.0,0.005043859649122804,True,0.0,3.559849572181702,0.03333333333333333,0.005043859649122804,3.559849572181702,0.03333333333333333,0.005043859649122804,0.0,0.0,0.0
rep4,shared,6911,0.5,0.0,True,0.5,3.793166653315226,0.4,0.0,3.2724213163057962,0.5,0.0,-0.5207453370094299,0.09999999999999998,0.0
rep4,shared,6911,1.0,0.0,True,0.5,4.642797223726908,0.4666666666666667,0.0,3.2724213163057962,0.5,0.0,-1.3703759074211117,0.033333333333333326,0.0
rep4,shared,6911,1.5,0.0,True,0.5,5.900172583262125,0.3,0.0,3.2724213163057962,0.5,0.0,-2.627751266956329,0.2,0.0
rep4,shared,6911,2.0,0.0,True,0.5,6.463280153274536,0.1,0.0,3.2724213163057962,0.5,0.0,-3.19085883696874,0.4,0.0
rep4,shared,6911,3.0,0.0,True,0.5,6.832909774780274,0.0,0.0,3.2724213163057962,0.5,0.0,-3.5604884584744774,0.5,0.0
rep4,shared,6911,4.0,0.0,True,0.5,6.864583905537923,0.06666666666666667,0.0,3.2724213163057962,0.5,0.0,-3.592162589232127,0.43333333333333335,0.0
rep4,shared,6911,5.0,0.0,True,0.5,6.784826310475667,0.2,0.0,3.2724213163057962,0.5,0.0,-3.512404994169871,0.3,0.0
rep4,shared,7848,0.0,0.005043859649122804,True,0.0,3.559849572181702,0.26666666666666666,0.005043859649122804,3.559849572181702,0.26666666666666666,0.005043859649122804,0.0,0.0,0.0
rep4,shared,7848,0.5,0.0,True,0.5,4.304592235883077,0.13333333333333333,0.0,3.581084402402242,0.26666666666666666,0.0,-0.7235078334808351,0.13333333333333333,0.0
rep4,shared,7848,1.0,0.0,True,0.5,5.877863041559855,0.2,0.0,3.581084402402242,0.26666666666666666,0.0,-2.296778639157613,0.06666666666666665,0.0
rep4,shared,7848,1.5,0.0,True,0.5,6.774360942840576,0.2,0.0,3.581084402402242,0.26666666666666666,0.0,-3.193276540438334,0.06666666666666665,0.0
rep4,shared,7848,2.0,0.0,True,0.5,6.453631337483724,0.16666666666666666,0.0,3.581084402402242,0.26666666666666666,0.0,-2.8725469350814823,0.1,0.0
rep4,shared,7848,3.0,0.0,True,0.5,5.969557889302572,0.06666666666666667,0.0,3.581084402402242,0.26666666666666666,0.0,-2.38847348690033,0.2,0.0
rep4,shared,7848,4.0,0.0012345679012345666,True,0.3776167471819646,5.325090702374776,0.06666666666666667,0.0012345679012345666,3.5758868272113853,0.26666666666666666,0.0012345679012345668,-1.7492038751633912,0.2,2.168404344971009e-19
rep4,shared,7848,5.0,0.0,True,0.5,4.924134651819865,0.03333333333333333,0.0,3.581084402402242,0.26666666666666666,0.0,-1.3430502494176233,0.23333333333333334,0.0
rep4,shared,14891,0.0,0.005043859649122804,True,0.0,3.559849572181702,0.03333333333333333,0.005043859649122804,3.559849572181702,0.03333333333333333,0.005043859649122804,0.0,0.0,0.0
rep4,shared,14891,0.5,0.0018018018018018,True,4.90990990990991,4.125027982393901,0.43333333333333335,0.0018018018018018,1.4570799460640182,0.009009009009009,0.0018018018018018007,-2.667948036329882,-0.4243243243243243,6.505213034913027e-19
rep4,shared,14891,1.0,0.0,True,5.0,5.1933200041453045,0.8666666666666667,0.0,1.453415330251058,0.0,0.0,-3.7399046738942463,-0.8666666666666667,0.0
rep4,shared,14891,1.5,0.0,True,5.0,6.262852255503336,0.7333333333333333,0.0,1.453415330251058,0.0,0.0,-4.809436925252278,-0.7333333333333333,0.0
rep4,shared,14891,2.0,0.0,True,5.0,7.241084973017375,0.36666666666666664,0.0,1.453415330251058,0.0,0.0,-5.787669642766317,-0.36666666666666664,0.0
rep4,shared,14891,3.0,0.0,True,5.0,4.991898059844971,0.0,0.0,1.453415330251058,0.0,0.0,-3.5384827295939125,0.0,0.0
rep4,shared,14891,4.0,0.0,True,5.0,2.061070704460144,0.0,0.0,1.453415330251058,0.0,0.0,-0.607655374209086,0.0,0.0
rep4,shared,14891,5.0,0.0,True,5.0,1.5190405229727426,0.0,0.0,1.453415330251058,0.0,0.0,-0.06562519272168466,0.0,0.0
rep4,shared,15507,0.0,0.005043859649122804,True,0.0,3.559849572181702,0.03333333333333333,0.005043859649122804,3.559849572181702,0.03333333333333333,0.005043859649122804,0.0,0.0,0.0
rep4,shared,15507,0.5,0.0009259259259259234,True,0.49415204678362556,3.8546272993087767,0.03333333333333333,0.0009259259259259234,3.377850769230729,0.06627680311890838,0.0009259259259259238,-0.47677653007804777,0.032943469785575046,4.336808689942018e-19
rep4,shared,15507,1.0,0.0,False,,4.309838636716207,0.0,0.0,,,,,,
rep4,shared,15507,1.5,0.0,False,,1.8906424542268117,0.0,0.0,,,,,,
rep4,shared,15507,2.0,0.0,False,,1.3967510263125102,0.0,0.0,,,,,,
rep4,shared,15507,3.0,0.0,False,,1.1643040875593822,0.0,0.0,,,,,,
rep4,shared,15507,4.0,0.0,False,,1.1276821851730348,0.0,0.0,,,,,,
rep4,shared,15507,5.0,0.0,False,,1.1276821851730348,0.0,0.0,,,,,,
rep4,shared,15664,0.0,0.005043859649122804,True,0.0,3.559849572181702,0.1,0.005043859649122804,3.559849572181702,0.1,0.005043859649122804,0.0,0.0,0.0
rep4,shared,15664,0.5,0.0,False,,3.7595556418100995,0.43333333333333335,0.0,,,,,,
rep4,shared,15664,1.0,0.0,False,,4.841157619158427,0.9333333333333333,0.0,,,,,,
rep4,shared,15664,1.5,0.009987697487697476,True,0.5381837435324845,5.953914276758829,0.43333333333333335,0.009987697487697476,3.404804557089898,0.44582049223898146,0.009987697487697476,-2.549109719668931,0.01248715890564811,0.0
rep4,shared,15664,2.0,0.24233419585353205,True,1.3196244903246541,4.552017609278361,0.13333333333333333,0.24233419585353205,3.0008800158270548,1.0,0.24233419585353205,-1.5511375934513065,0.8666666666666667,0.0
rep4,shared,15664,3.0,0.8354747485660702,False,,2.0735364397366842,0.0,0.8354747485660702,,,,,,
rep4,shared,15664,4.0,0.9317340067340066,False,,1.6130270759264629,0.0,0.9317340067340066,,,,,,
rep4,shared,15664,5.0,0.9488888888888888,False,,1.5647426227728525,0.0,0.9488888888888888,,,,,,
rep4,shared,17102,0.0,0.005043859649122804,True,0.0,3.559849572181702,0.0,0.005043859649122804,3.559849572181702,0.0,0.005043859649122804,0.0,0.0,0.0
rep4,shared,17102,0.5,0.0009009009009008967,False,,3.9846853812535605,0.4666666666666667,0.0009009009009008967,,,,,,
rep4,shared,17102,1.0,0.006666666666666664,True,1.1180019371800194,5.143382604916891,0.3333333333333333,0.006666666666666664,4.18654786914154,0.9078667958120014,0.006666666666666664,-0.9568347357753506,0.574533462478668,0.0
rep4,shared,17102,1.5,0.0,False,,6.221953344345093,0.03333333333333333,0.0,,,,,,
rep4,shared,17102,2.0,0.0,False,,6.682785193125407,0.03333333333333333,0.0,,,,,,
rep4,shared,17102,3.0,0.0,False,,6.202413781483968,0.03333333333333333,0.0,,,,,,
rep4,shared,17102,4.0,0.00119047619047619,True,0.47090352220520654,5.834643300374349,0.0,0.00119047619047619,3.5642609881587997,0.3139356814701377,0.0011904761904761897,-2.2703823122155495,0.3139356814701377,-2.168404344971009e-19
rep4,shared,17102,5.0,0.00119047619047619,True,0.47090352220520654,5.537648773193359,0.0,0.00119047619047619,3.5642609881587997,0.3139356814701377,0.0011904761904761897,-1.9733877850345594,0.3139356814701377,-2.168404344971009e-19
rep4,shared,23257,0.0,0.005043859649122804,True,0.0,3.559849572181702,0.0,0.005043859649122804,3.559849572181702,0.0,0.005043859649122804,0.0,0.0,0.0
rep4,shared,23257,0.5,0.0,True,0.5,3.6794824798901877,0.03333333333333333,0.0,3.425260003407796,0.03333333333333333,0.0,-0.2542224764823917,0.0,0.0
rep4,shared,23257,1.0,0.0,True,0.5,5.006562582651774,0.26666666666666666,0.0,3.425260003407796,0.03333333333333333,0.0,-1.5813025792439777,-0.23333333333333334,0.0
rep4,shared,23257,1.5,0.002983870967741937,True,0.20420757363253822,6.709430344899496,0.2,0.002983870967741937,3.504881153630564,0.013613838242169215,0.002983870967741937,-3.204549191268932,-0.1863861617578308,0.0
rep4,shared,23257,2.0,0.0,True,0.5,7.616453393300374,0.06666666666666667,0.0,3.425260003407796,0.03333333333333333,0.0,-4.191193389892579,-0.03333333333333333,0.0
rep4,shared,23257,3.0,0.0,True,0.5,6.501924117406209,0.0,0.0,3.425260003407796,0.03333333333333333,0.0,-3.076664113998413,0.03333333333333333,0.0
rep4,shared,23257,4.0,0.0,True,0.5,5.429689741134643,0.0,0.0,3.425260003407796,0.03333333333333333,0.0,-2.004429737726847,0.03333333333333333,0.0
rep4,shared,23257,5.0,0.0,True,0.5,4.956515709559123,0.0,0.0,3.425260003407796,0.03333333333333333,0.0,-1.531255706151327,0.03333333333333333,0.0
rep4,shared_only,359,0.0,0.005043859649122804,True,0.0,3.559849572181702,0.0,0.005043859649122804,3.5595034758249917,0.0,0.005043859649122804,-0.00034609635671012384,0.0,0.0
rep4,shared_only,359,0.5,0.0,True,3.0,4.578107786178589,0.6,0.0,8.306439741452534,0.0,0.0,3.728331955273945,-0.6,0.0
rep4,shared_only,359,1.0,0.053616091827464116,True,0.20442125202679046,4.445861593882243,0.6333333333333333,0.053616091827464116,3.1268342585037656,0.0,0.053616091827464116,-1.3190273353784772,-0.6333333333333333,0.0
rep4,shared_only,359,1.5,0.3815123968539418,True,0.7024107308231066,3.1642854889233907,0.2,0.3815123968539418,2.0140877917410274,0.0,0.3815123968539418,-1.1501976971823633,-0.2,0.0
rep4,shared_only,359,2.0,0.7363399928572929,True,0.9811490739998706,2.136661779880524,0.0,0.7363399928572929,1.3432546743643043,0.0,0.7363399928572929,-0.7934071055162195,0.0,0.0
rep4,shared_only,359,3.0,0.8103703703703703,False,,1.6747957905133566,0.0,0.8103703703703703,,,,,,
rep4,shared_only,359,4.0,0.8844444444444444,False,,1.1897318045298257,0.0,0.8844444444444444,,,,,,
rep4,shared_only,359,5.0,0.9688888888888888,False,,0.8348305702209473,0.0,0.9688888888888888,,,,,,
rep4,shared_only,1344,0.0,0.005043859649122804,True,0.0,3.559849572181702,0.0,0.005043859649122804,3.5595034758249917,0.0,0.005043859649122804,-0.00034609635671012384,0.0,0.0
rep4,shared_only,1344,0.5,0.0,True,5.0,4.255307308832804,0.4666666666666667,0.0,7.867532467842102,0.0,0.0,3.6122251590092977,-0.4666666666666667,0.0
rep4,shared_only,1344,1.0,0.0027777777777777766,True,4.99009941429176,5.5208391666412355,0.9666666666666667,0.0027777777777777766,7.8220400924355244,0.0,0.002777777777777768,2.301200925794289,-0.9666666666666667,-8.673617379884035e-18
rep4,shared_only,1344,1.5,0.0,True,5.0,6.587676858901977,0.9,0.0,7.867532467842102,0.0,0.0,1.2798556089401245,-0.9,0.0
rep4,shared_only,1344,2.0,0.0,True,5.0,6.8398193200429285,0.6666666666666666,0.0,7.867532467842102,0.0,0.0,1.0277131477991732,-0.6666666666666666,0.0
rep4,shared_only,1344,3.0,0.0,True,5.0,7.144840987523397,0.2,0.0,7.867532467842102,0.0,0.0,0.722691480318705,-0.2,0.0
rep4,shared_only,1344,4.0,0.0,True,5.0,6.61721510887146,0.1,0.0,7.867532467842102,0.0,0.0,1.2503173589706416,-0.1,0.0
rep4,shared_only,1344,5.0,0.0,True,5.0,5.173409016927083,0.1,0.0,7.867532467842102,0.0,0.0,2.6941234509150185,-0.1,0.0
rep4,shared_only,4317,0.0,0.005043859649122804,True,0.0,3.559849572181702,0.03333333333333333,0.005043859649122804,3.559849572181702,0.03333333333333333,0.005043859649122804,0.0,0.0,0.0
rep4,shared_only,4317,0.5,0.0,True,0.5,3.910381007194519,0.03333333333333333,0.0,3.241075889269511,0.03333333333333333,0.0,-0.669305117925008,0.0,0.0
rep4,shared_only,4317,1.0,0.0,True,0.5,4.355145724614461,0.16666666666666666,0.0,3.241075889269511,0.03333333333333333,0.0,-1.1140698353449503,-0.13333333333333333,0.0
rep4,shared_only,4317,1.5,0.0,True,0.5,5.164029343922933,0.36666666666666664,0.0,3.241075889269511,0.03333333333333333,0.0,-1.9229534546534222,-0.3333333333333333,0.0
rep4,shared_only,4317,2.0,0.0,True,0.5,5.953251806894938,0.13333333333333333,0.0,3.241075889269511,0.03333333333333333,0.0,-2.7121759176254274,-0.1,0.0
rep4,shared_only,4317,3.0,0.006290726817042599,True,0.7290437944939846,6.8609598477681475,0.06666666666666667,0.006290726817042599,3.1671360998939515,0.01806374703373436,0.006290726817042599,-3.693823747874196,-0.048602919632932305,0.0
rep4,shared_only,4317,4.0,0.0593510376635731,True,1.22779747333902,6.069953791300455,0.0,0.0593510376635731,2.8201216914229494,0.0,0.0593510376635731,-3.249832099877506,0.0,0.0
rep4,shared_only,4317,5.0,0.12751788781463078,True,1.540411289740652,5.0932507912317915,0.0,0.12751788781463078,2.494198252604611,0.0,0.12751788781463078,-2.5990525386271806,0.0,0.0
rep4,shared_only,4398,0.0,0.005043859649122804,True,0.0,3.559849572181702,0.0,0.005043859649122804,3.559849572181702,0.0,0.005043859649122804,0.0,0.0,0.0
rep4,shared_only,4398,0.5,0.0,True,5.0,4.195789750417074,0.6666666666666666,0.0,9.285123078028361,0.0,0.0,5.089333327611287,-0.6666666666666666,0.0
rep4,shared_only,4398,1.0,0.0,True,5.0,5.31863694190979,0.26666666666666666,0.0,9.285123078028361,0.0,0.0,3.9664861361185713,-0.26666666666666666,0.0
rep4,shared_only,4398,1.5,0.0,True,5.0,6.42907894452413,0.06666666666666667,0.0,9.285123078028361,0.0,0.0,2.8560441335042315,-0.06666666666666667,0.0
rep4,shared_only,4398,2.0,0.0,True,5.0,6.859190845489502,0.0,0.0,9.285123078028361,0.0,0.0,2.425932232538859,0.0,0.0
rep4,shared_only,4398,3.0,0.0,True,5.0,6.9061026255289715,0.0,0.0,9.285123078028361,0.0,0.0,2.3790204524993896,0.0,0.0
rep4,shared_only,4398,4.0,0.00111111111111111,True,4.9862972534407115,6.695966958999634,0.0,0.00111111111111111,9.239624896069943,0.0,0.0011111111111111044,2.543657937070309,0.0,-5.637851296924623e-18
rep4,shared_only,4398,5.0,0.0009259259259259234,True,4.988581044533927,6.245006132125854,0.0,0.0009259259259259234,9.247207926396346,0.0,0.0009259259259259273,3.0022017942704915,0.0,3.903127820947816e-18
rep4,shared_only,6587,0.0,0.005043859649122804,True,0.0,3.559849572181702,0.16666666666666666,0.005043859649122804,3.5595034758249917,0.16666666666666666,0.005043859649122804,-0.00034609635671012384,0.0,0.0
rep4,shared_only,6587,0.5,0.0,False,,4.107233254114787,0.16666666666666666,0.0,,,,,,
rep4,shared_only,6587,1.0,0.0,False,,5.507696493466695,0.7333333333333333,0.0,,,,,,
rep4,shared_only,6587,1.5,0.0024390243902439,False,,6.545743942260742,0.8,0.0024390243902439,,,,,,
rep4,shared_only,6587,2.0,0.014491459308532477,True,0.5239237969173391,6.10467267036438,0.4666666666666667,0.014491459308532477,2.9972752879587734,0.13014349374435477,0.014491459308532477,-3.1073973824056065,-0.33652317292231193,0.0
rep4,shared_only,6587,3.0,0.010132713130444263,True,0.5090929542704534,5.337505292892456,0.3333333333333333,0.010132713130444263,3.0136717356856413,0.1321209394306062,0.010132713130444263,-2.323833557206815,-0.2012123939027271,0.0
rep4,shared_only,6587,4.0,0.017116698137685085,True,0.5328562977776516,4.826267790794373,0.26666666666666666,0.017116698137685085,2.9873998353689593,0.12895249362964645,0.017116698137685085,-1.8388679554254135,-0.13771417303702022,0.0
rep4,shared_only,6587,5.0,0.03251370223860296,True,0.5852453417192571,4.4350511948267615,0.16666666666666666,0.03251370223860296,2.9294803873037814,0.12196728777076572,0.032513702238602955,-1.5055708075229801,-0.044699378895900935,-6.938893903907228e-18
rep4,shared_only,6911,0.0,0.005043859649122804,True,0.0,3.559849572181702,0.03333333333333333,0.005043859649122804,3.5595034758249917,0.03333333333333333,0.005043859649122804,-0.00034609635671012384,0.0,0.0
rep4,shared_only,6911,0.5,0.0,True,5.0,3.793166653315226,0.4,0.0,9.182385603586832,0.0,0.0,5.389218950271606,-0.4,0.0
rep4,shared_only,6911,1.0,0.0,True,5.0,4.642797223726908,0.4666666666666667,0.0,9.182385603586832,0.0,0.0,4.539588379859924,-0.4666666666666667,0.0
rep4,shared_only,6911,1.5,0.0,True,5.0,5.900172583262125,0.3,0.0,9.182385603586832,0.0,0.0,3.282213020324707,-0.3,0.0
rep4,shared_only,6911,2.0,0.0,True,5.0,6.463280153274536,0.1,0.0,9.182385603586832,0.0,0.0,2.719105450312296,-0.1,0.0
rep4,shared_only,6911,3.0,0.0,True,5.0,6.832909774780274,0.0,0.0,9.182385603586832,0.0,0.0,2.3494758288065585,0.0,0.0
rep4,shared_only,6911,4.0,0.0,True,5.0,6.864583905537923,0.06666666666666667,0.0,9.182385603586832,0.0,0.0,2.3178016980489087,-0.06666666666666667,0.0
rep4,shared_only,6911,5.0,0.0,True,5.0,6.784826310475667,0.2,0.0,9.182385603586832,0.0,0.0,2.397559293111165,-0.2,0.0
rep4,shared_only,7848,0.0,0.005043859649122804,True,0.0,3.559849572181702,0.26666666666666666,0.005043859649122804,3.5595034758249917,0.26666666666666666,0.005043859649122804,-0.00034609635671012384,0.0,0.0
rep4,shared_only,7848,0.5,0.0,True,5.0,4.304592235883077,0.13333333333333333,0.0,7.434998273849487,0.03333333333333333,0.0,3.1304060379664103,-0.1,0.0
rep4,shared_only,7848,1.0,0.0,True,5.0,5.877863041559855,0.2,0.0,7.434998273849487,0.03333333333333333,0.0,1.5571352322896326,-0.16666666666666669,0.0
rep4,shared_only,7848,1.5,0.0,True,5.0,6.774360942840576,0.2,0.0,7.434998273849487,0.03333333333333333,0.0,0.6606373310089113,-0.16666666666666669,0.0
rep4,shared_only,7848,2.0,0.0,True,5.0,6.453631337483724,0.16666666666666666,0.0,7.434998273849487,0.03333333333333333,0.0,0.9813669363657631,-0.13333333333333333,0.0
rep4,shared_only,7848,3.0,0.0,True,5.0,5.969557889302572,0.06666666666666667,0.0,7.434998273849487,0.03333333333333333,0.0,1.4654403845469153,-0.03333333333333333,0.0
rep4,shared_only,7848,4.0,0.0012345679012345666,True,4.996056046942122,5.325090702374776,0.06666666666666667,0.0012345679012345666,7.416537565339709,0.03320186823140406,0.0012345679012345512,2.0914468629649328,-0.03346479843526261,-1.5395670849294163e-17
rep4,shared_only,7848,5.0,0.0,True,5.0,4.924134651819865,0.03333333333333333,0.0,7.434998273849487,0.03333333333333333,0.0,2.510863622029622,0.0,0.0
rep4,shared_only,14891,0.0,0.005043859649122804,True,0.0,3.559849572181702,0.03333333333333333,0.005043859649122804,3.5595034758249917,0.03333333333333333,0.005043859649122804,-0.00034609635671012384,0.0,0.0
rep4,shared_only,14891,0.5,0.0018018018018018,False,,4.125027982393901,0.43333333333333335,0.0018018018018018,,,,,,
rep4,shared_only,14891,1.0,0.0,False,,5.1933200041453045,0.8666666666666667,0.0,,,,,,
rep4,shared_only,14891,1.5,0.0,False,,6.262852255503336,0.7333333333333333,0.0,,,,,,
rep4,shared_only,14891,2.0,0.0,False,,7.241084973017375,0.36666666666666664,0.0,,,,,,
rep4,shared_only,14891,3.0,0.0,False,,4.991898059844971,0.0,0.0,,,,,,
rep4,shared_only,14891,4.0,0.0,False,,2.061070704460144,0.0,0.0,,,,,,
rep4,shared_only,14891,5.0,0.0,False,,1.5190405229727426,0.0,0.0,,,,,,
rep4,shared_only,15507,0.0,0.005043859649122804,True,0.0,3.559849572181702,0.03333333333333333,0.005043859649122804,3.5595034758249917,0.03333333333333333,0.005043859649122804,-0.00034609635671012384,0.0,0.0
rep4,shared_only,15507,0.5,0.0009259259259259234,True,4.989061371463264,3.8546272993087767,0.03333333333333333,0.0009259259259259234,9.09398758807578,0.0,0.0009259259259259273,5.239360288767004,-0.03333333333333333,3.903127820947816e-18
rep4,shared_only,15507,1.0,0.0,True,5.0,4.309838636716207,0.0,0.0,9.133258271217347,0.0,0.0,4.82341963450114,0.0,0.0
rep4,shared_only,15507,1.5,0.0,True,5.0,1.8906424542268117,0.0,0.0,9.133258271217347,0.0,0.0,7.2426158169905355,0.0,0.0
rep4,shared_only,15507,2.0,0.0,True,5.0,1.3967510263125102,0.0,0.0,9.133258271217347,0.0,0.0,7.736507244904836,0.0,0.0
rep4,shared_only,15507,3.0,0.0,True,5.0,1.1643040875593822,0.0,0.0,9.133258271217347,0.0,0.0,7.9689541836579645,0.0,0.0
rep4,shared_only,15507,4.0,0.0,True,5.0,1.1276821851730348,0.0,0.0,9.133258271217347,0.0,0.0,8.005576086044313,0.0,0.0
rep4,shared_only,15507,5.0,0.0,True,5.0,1.1276821851730348,0.0,0.0,9.133258271217347,0.0,0.0,8.005576086044313,0.0,0.0
rep4,shared_only,15664,0.0,0.005043859649122804,True,0.0,3.559849572181702,0.1,0.005043859649122804,3.5595034758249917,0.1,0.005043859649122804,-0.00034609635671012384,0.0,0.0
rep4,shared_only,15664,0.5,0.0,False,,3.7595556418100995,0.43333333333333335,0.0,,,,,,
rep4,shared_only,15664,1.0,0.0,False,,4.841157619158427,0.9333333333333333,0.0,,,,,,
rep4,shared_only,15664,1.5,0.009987697487697476,True,0.5091500536325111,5.953914276758829,0.43333333333333335,0.009987697487697476,3.0467469583456257,0.1981699892734978,0.009987697487697476,-2.9071673184132036,-0.23516334405983555,0.0
rep4,shared_only,15664,2.0,0.24233419585353205,True,1.1093056244609445,4.552017609278361,0.13333333333333333,0.24233419585353205,2.3388636583578784,0.07813887510781109,0.24233419585353205,-2.213153950920483,-0.05519445822552224,0.0
rep4,shared_only,15664,3.0,0.8354747485660702,False,,2.0735364397366842,0.0,0.8354747485660702,,,,,,
rep4,shared_only,15664,4.0,0.9317340067340066,False,,1.6130270759264629,0.0,0.9317340067340066,,,,,,
rep4,shared_only,15664,5.0,0.9488888888888888,False,,1.5647426227728525,0.0,0.9488888888888888,,,,,,
rep4,shared_only,17102,0.0,0.005043859649122804,True,0.0,3.559849572181702,0.0,0.005043859649122804,3.5595034758249917,0.0,0.005043859649122804,-0.00034609635671012384,0.0,0.0
rep4,shared_only,17102,0.5,0.0009009009009008967,False,,3.9846853812535605,0.4666666666666667,0.0009009009009008967,,,,,,
rep4,shared_only,17102,1.0,0.006666666666666664,True,0.23463687150837995,5.143382604916891,0.3333333333333333,0.006666666666666664,3.3139048666039432,0.0,0.006666666666666664,-1.8294777383129475,-0.3333333333333333,0.0
rep4,shared_only,17102,1.5,0.0,False,,6.221953344345093,0.03333333333333333,0.0,,,,,,
rep4,shared_only,17102,2.0,0.0,False,,6.682785193125407,0.03333333333333333,0.0,,,,,,
rep4,shared_only,17102,3.0,0.0,False,,6.202413781483968,0.03333333333333333,0.0,,,,,,
rep4,shared_only,17102,4.0,0.00119047619047619,False,,5.834643300374349,0.0,0.00119047619047619,,,,,,
rep4,shared_only,17102,5.0,0.00119047619047619,False,,5.537648773193359,0.0,0.00119047619047619,,,,,,
rep4,shared_only,23257,0.0,0.005043859649122804,True,0.0,3.559849572181702,0.0,0.005043859649122804,3.5595034758249917,0.0,0.005043859649122804,-0.00034609635671012384,0.0,0.0
rep4,shared_only,23257,0.5,0.0,False,,3.6794824798901877,0.03333333333333333,0.0,,,,,,
rep4,shared_only,23257,1.0,0.0,False,,5.006562582651774,0.26666666666666666,0.0,,,,,,
rep4,shared_only,23257,1.5,0.002983870967741937,False,,6.709430344899496,0.2,0.002983870967741937,,,,,,
rep4,shared_only,23257,2.0,0.0,False,,7.616453393300374,0.06666666666666667,0.0,,,,,,
rep4,shared_only,23257,3.0,0.0,False,,6.501924117406209,0.0,0.0,,,,,,
rep4,shared_only,23257,4.0,0.0,False,,5.429689741134643,0.0,0.0,,,,,,
rep4,shared_only,23257,5.0,0.0,False,,4.956515709559123,0.0,0.0,,,,,,
keyword_hit,antimanifold,359,0.0,0.0,True,0.0,3.559849572181702,0.0,0.005043859649122804,3.559849572181702,0.0,0.005043859649122804,0.0,0.0,0.0
keyword_hit,antimanifold,359,0.5,0.6,True,0.90625,4.578107786178589,0.6,0.0,4.343812413016955,0.6,0.016012324498386764,-0.2342953731616344,0.0,0.016012324498386764
keyword_hit,antimanifold,359,1.0,0.6333333333333333,True,0.9375,4.445861593882243,0.6333333333333333,0.053616091827464116,4.333062611023585,0.6333333333333333,0.01724404176749344,-0.11279898285865819,0.0,-0.03637205005997068
keyword_hit,antimanifold,359,1.5,0.2,True,0.53125,3.1642854889233907,0.2,0.3815123968539418,4.472810036937395,0.2,0.001231717269106675,1.3085245480140046,0.0,-0.3802806795848351
keyword_hit,antimanifold,359,2.0,0.0,True,0.0,2.136661779880524,0.0,0.7363399928572929,3.559849572181702,0.0,0.005043859649122804,1.423187792301178,0.0,-0.7312961332081701
keyword_hit,antimanifold,359,3.0,0.0,True,0.0,1.6747957905133566,0.0,0.8103703703703703,3.559849572181702,0.0,0.005043859649122804,1.8850537816683453,0.0,-0.8053265107212475
keyword_hit,antimanifold,359,4.0,0.0,True,0.0,1.1897318045298257,0.0,0.8844444444444444,3.559849572181702,0.0,0.005043859649122804,2.370117767651876,0.0,-0.8794005847953216
keyword_hit,antimanifold,359,5.0,0.0,True,0.0,0.8348305702209473,0.0,0.9688888888888888,3.559849572181702,0.0,0.005043859649122804,2.7250190019607547,0.0,-0.963845029239766
keyword_hit,antimanifold,1344,0.0,0.0,True,0.0,3.559849572181702,0.0,0.005043859649122804,3.559849572181702,0.0,0.005043859649122804,0.0,0.0,0.0
keyword_hit,antimanifold,1344,0.5,0.4666666666666667,True,0.6956521739130435,4.255307308832804,0.4666666666666667,0.0,4.348564161770586,0.4666666666666667,0.00516304347826087,0.09325685293778196,0.0,0.00516304347826087
keyword_hit,antimanifold,1344,1.0,0.9666666666666667,True,1.5,5.5208391666412355,0.9666666666666667,0.0027777777777777766,6.047948058446249,0.9666666666666667,0.0,0.5271088918050131,0.0,-0.0027777777777777766
keyword_hit,antimanifold,1344,1.5,0.9,True,0.9782608695652174,6.587676858901977,0.9,0.0,5.032124584481336,0.9,0.012620772946859904,-1.5555522744206414,0.0,0.012620772946859904
keyword_hit,antimanifold,1344,2.0,0.6666666666666666,True,0.8260869565217391,6.8398193200429285,0.6666666666666666,0.0,4.664053587637086,0.6666666666666666,0.008605072463768116,-2.175765732405843,0.0,0.008605072463768116
keyword_hit,antimanifold,1344,3.0,0.2,True,0.5217391304347826,7.144840987523397,0.2,0.0,3.9279115939485854,0.2,0.0005736714975845414,-3.2169293935748113,0.0,0.0005736714975845414
keyword_hit,antimanifold,1344,4.0,0.1,True,0.30000000000000004,6.61721510887146,0.1,0.0,3.749137842655182,0.1,0.002017543859649121,-2.8680772662162783,0.0,0.002017543859649121
keyword_hit,antimanifold,1344,5.0,0.1,True,0.30000000000000004,5.173409016927083,0.1,0.0,3.749137842655182,0.1,0.002017543859649121,-1.4242711742719014,0.0,0.002017543859649121
keyword_hit,antimanifold,4317,0.0,0.03333333333333333,True,0.0,3.559849572181702,0.03333333333333333,0.005043859649122804,3.559849572181702,0.03333333333333333,0.005043859649122804,0.0,0.0,0.0
keyword_hit,antimanifold,4317,0.5,0.03333333333333333,True,0.0,3.910381007194519,0.03333333333333333,0.0,3.559849572181702,0.03333333333333333,0.005043859649122804,-0.350531435012817,0.0,0.005043859649122804
keyword_hit,antimanifold,4317,1.0,0.16666666666666666,True,1.5,4.355145724614461,0.16666666666666666,0.0,4.891611631711324,0.16666666666666666,0.0,0.5364659070968631,0.0,0.0
keyword_hit,antimanifold,4317,1.5,0.36666666666666664,False,,5.164029343922933,0.36666666666666664,0.0,,,,,,
keyword_hit,antimanifold,4317,2.0,0.13333333333333333,True,1.4,5.953251806894938,0.13333333333333333,0.0,4.719128499031067,0.13333333333333333,0.0,-1.2341233078638716,0.0,0.0
keyword_hit,antimanifold,4317,3.0,0.06666666666666667,True,1.2,6.8609598477681475,0.06666666666666667,0.006290726817042599,4.374162233670552,0.06666666666666667,0.0,-2.486797614097595,0.0,-0.006290726817042599
keyword_hit,antimanifold,4317,4.0,0.0,True,1.0,6.069953791300455,0.0,0.0593510376635731,4.029195968310038,0.0,0.0,-2.0407578229904173,0.0,-0.0593510376635731
keyword_hit,antimanifold,4317,5.0,0.0,True,1.0,5.0932507912317915,0.0,0.12751788781463078,4.029195968310038,0.0,0.0,-1.0640548229217535,0.0,-0.12751788781463078
keyword_hit,antimanifold,4398,0.0,0.0,True,0.0,3.559849572181702,0.0,0.005043859649122804,3.559849572181702,0.0,0.005043859649122804,0.0,0.0,0.0
keyword_hit,antimanifold,4398,0.5,0.6666666666666666,True,0.9375,4.195789750417074,0.6666666666666666,0.0,4.7591856564084685,0.6666666666666666,0.0,0.5633959059913947,0.0,0.0
keyword_hit,antimanifold,4398,1.0,0.26666666666666666,True,0.30769230769230765,5.31863694190979,0.26666666666666666,0.0,3.7261397453454825,0.26666666666666666,0.0019399460188933865,-1.5924971965643073,0.0,0.0019399460188933865
keyword_hit,antimanifold,4398,1.5,0.06666666666666667,True,0.07692307692307691,6.42907894452413,0.06666666666666667,0.0,3.601422115472647,0.06666666666666667,0.004267881241565449,-2.8276568290514827,0.0,0.004267881241565449
keyword_hit,antimanifold,4398,2.0,0.0,True,0.0,6.859190845489502,0.0,0.0,3.559849572181702,0.0,0.005043859649122804,-3.2993412733078005,0.0,0.005043859649122804
keyword_hit,antimanifold,4398,3.0,0.0,True,0.0,6.9061026255289715,0.0,0.0,3.559849572181702,0.0,0.005043859649122804,-3.3462530533472696,0.0,0.005043859649122804
keyword_hit,antimanifold,4398,4.0,0.0,True,0.0,6.695966958999634,0.0,0.00111111111111111,3.559849572181702,0.0,0.005043859649122804,-3.136117386817932,0.0,0.003932748538011694
keyword_hit,antimanifold,4398,5.0,0.0,True,0.0,6.245006132125854,0.0,0.0009259259259259234,3.559849572181702,0.0,0.005043859649122804,-2.6851565599441525,0.0,0.00411793372319688
keyword_hit,antimanifold,6587,0.0,0.16666666666666666,True,0.0,3.559849572181702,0.16666666666666666,0.005043859649122804,3.559849572181702,0.16666666666666666,0.005043859649122804,0.0,0.0,0.0
keyword_hit,antimanifold,6587,0.5,0.16666666666666666,True,0.0,4.107233254114787,0.16666666666666666,0.0,3.559849572181702,0.16666666666666666,0.005043859649122804,-0.5473836819330851,0.0,0.005043859649122804
keyword_hit,antimanifold,6587,1.0,0.7333333333333333,True,1.6666666666666665,5.507696493466695,0.7333333333333333,0.0,6.376257006327311,0.7333333333333333,0.0011728395061728375,0.8685605128606158,0.0,0.0011728395061728375
keyword_hit,antimanifold,6587,1.5,0.8,True,2.0,6.545743942260742,0.8,0.0024390243902439,6.771791330973307,0.8,0.0016666666666666668,0.2260473887125647,0.0,-0.0007723577235772331
keyword_hit,antimanifold,6587,2.0,0.4666666666666667,True,0.875,6.10467267036438,0.4666666666666667,0.014491459308532477,4.672524529695511,0.4666666666666667,0.0,-1.4321481406688692,0.0,-0.014491459308532477
keyword_hit,antimanifold,6587,3.0,0.3333333333333333,True,0.75,5.337505292892456,0.3333333333333333,0.010132713130444263,4.469214006265004,0.3333333333333333,0.0,-0.8682912866274526,0.0,-0.010132713130444263
keyword_hit,antimanifold,6587,4.0,0.26666666666666666,True,0.6875,4.826267790794373,0.26666666666666666,0.017116698137685085,4.367558744549751,0.26666666666666666,0.0,-0.45870904624462217,0.0,-0.017116698137685085
keyword_hit,antimanifold,6587,5.0,0.16666666666666666,True,0.0,4.4350511948267615,0.16666666666666666,0.03251370223860296,3.559849572181702,0.16666666666666666,0.005043859649122804,-0.8752016226450596,0.0,-0.02746984258948016
keyword_hit,antimanifold,6911,0.0,0.03333333333333333,True,0.0,3.559849572181702,0.03333333333333333,0.005043859649122804,3.559849572181702,0.03333333333333333,0.005043859649122804,0.0,0.0,0.0
keyword_hit,antimanifold,6911,0.5,0.4,True,0.7666666666666667,3.793166653315226,0.4,0.0,3.9242247586780126,0.4,0.0,0.1310581053627864,0.0,0.0
keyword_hit,antimanifold,6911,1.0,0.4666666666666667,True,0.8333333333333334,4.642797223726908,0.4666666666666667,0.0,4.001408325301276,0.4666666666666667,0.0,-0.6413888984256317,0.0,0.0
keyword_hit,antimanifold,6911,1.5,0.3,True,0.6666666666666666,5.900172583262125,0.3,0.0,3.8084494087431167,0.3,0.0,-2.0917231745190086,0.0,0.0
keyword_hit,antimanifold,6911,2.0,0.1,True,0.33333333333333337,6.463280153274536,0.1,0.0,3.5969435188505385,0.1,0.0016812865497076008,-2.8663366344239978,0.0,0.0016812865497076008
keyword_hit,antimanifold,6911,3.0,0.0,True,4.0,6.832909774780274,0.0,0.0,7.235898828506469,0.0,0.0,0.40298905372619576,0.0,0.0
keyword_hit,antimanifold,6911,4.0,0.06666666666666667,True,0.16666666666666666,6.864583905537923,0.06666666666666667,0.0,3.57839654551612,0.06666666666666667,0.0033625730994152024,-3.2861873600218034,0.0,0.0033625730994152024
keyword_hit,antimanifold,6911,5.0,0.2,True,0.5666666666666667,6.784826310475667,0.2,0.0,3.6926740588082207,0.2,0.0,-3.0921522516674464,0.0,0.0
keyword_hit,antimanifold,7848,0.0,0.26666666666666666,True,0.0,3.559849572181702,0.26666666666666666,0.005043859649122804,3.559849572181702,0.26666666666666666,0.005043859649122804,0.0,0.0,0.0
keyword_hit,antimanifold,7848,0.5,0.13333333333333333,True,0.5,4.304592235883077,0.13333333333333333,0.0,3.903336183230082,0.13333333333333333,0.0,-0.4012560526529949,0.0,0.0
keyword_hit,antimanifold,7848,1.0,0.2,True,0.24999999999999994,5.877863041559855,0.2,0.0,3.731592877705892,0.2,0.0025219298245614022,-2.1462701638539627,0.0,0.0025219298245614022
keyword_hit,antimanifold,7848,1.5,0.2,True,0.24999999999999994,6.774360942840576,0.2,0.0,3.731592877705892,0.2,0.0025219298245614022,-3.042768065134684,0.0,0.0025219298245614022
keyword_hit,antimanifold,7848,2.0,0.16666666666666666,True,0.375,6.453631337483724,0.16666666666666666,0.0,3.817464530467987,0.16666666666666666,0.001260964912280701,-2.636166807015737,0.0,0.001260964912280701
keyword_hit,antimanifold,7848,3.0,0.06666666666666667,True,4.0,5.969557889302572,0.06666666666666667,0.0,5.619216616948446,0.06666666666666667,0.00119047619047619,-0.35034127235412615,0.0,0.00119047619047619
keyword_hit,antimanifold,7848,4.0,0.06666666666666667,True,4.0,5.325090702374776,0.06666666666666667,0.0012345679012345666,5.619216616948446,0.06666666666666667,0.00119047619047619,0.29412591457366943,0.0,-4.409171075837664e-05
keyword_hit,antimanifold,7848,5.0,0.03333333333333333,False,,4.924134651819865,0.03333333333333333,0.0,,,,,,
keyword_hit,antimanifold,14891,0.0,0.03333333333333333,True,0.0,3.559849572181702,0.03333333333333333,0.005043859649122804,3.559849572181702,0.03333333333333333,0.005043859649122804,0.0,0.0,0.0
keyword_hit,antimanifold,14891,0.5,0.43333333333333335,True,0.6842105263157895,4.125027982393901,0.43333333333333335,0.0018018018018018,4.184949230729488,0.43333333333333335,0.0021671826625386994,0.05992124833558776,0.0,0.0003653808607368993
keyword_hit,antimanifold,14891,1.0,0.8666666666666667,True,1.25,5.1933200041453045,0.8666666666666667,0.0,5.263465944925944,0.8666666666666667,0.002941176470588235,0.0701459407806393,0.0,0.002941176470588235
keyword_hit,antimanifold,14891,1.5,0.7333333333333333,True,0.9210526315789473,6.262852255503336,0.7333333333333333,0.0,4.703570681705809,0.7333333333333332,0.004953560371517026,-1.5592815737975272,-1.1102230246251565e-16,0.004953560371517026
keyword_hit,antimanifold,14891,2.0,0.36666666666666664,True,0.631578947368421,7.241084973017375,0.36666666666666664,0.0,4.069700019401417,0.3666666666666666,0.0015479876160990706,-3.1713849536159584,-5.551115123125783e-17,0.0015479876160990706
keyword_hit,antimanifold,14891,3.0,0.0,True,4.0,4.991898059844971,0.0,0.0,3.6522692680358886,0.0,0.0,-1.3396287918090821,0.0,0.0
keyword_hit,antimanifold,14891,4.0,0.0,True,4.0,2.061070704460144,0.0,0.0,3.6522692680358886,0.0,0.0,1.5911985635757446,0.0,0.0
keyword_hit,antimanifold,14891,5.0,0.0,True,4.0,1.5190405229727426,0.0,0.0,3.6522692680358886,0.0,0.0,2.133228745063146,0.0,0.0
keyword_hit,antimanifold,15507,0.0,0.03333333333333333,True,0.0,3.559849572181702,0.03333333333333333,0.005043859649122804,3.559849572181702,0.03333333333333333,0.005043859649122804,0.0,0.0,0.0
keyword_hit,antimanifold,15507,0.5,0.03333333333333333,True,0.0,3.8546272993087767,0.03333333333333333,0.0009259259259259234,3.559849572181702,0.03333333333333333,0.005043859649122804,-0.29477772712707484,0.0,0.00411793372319688
keyword_hit,antimanifold,15507,1.0,0.0,True,1.5,4.309838636716207,0.0,0.0,2.678038207689921,0.0,0.0016666666666666668,-1.6318004290262857,0.0,0.0016666666666666668
keyword_hit,antimanifold,15507,1.5,0.0,True,1.5,1.8906424542268117,0.0,0.0,2.678038207689921,0.0,0.0016666666666666668,0.7873957534631095,0.0,0.0016666666666666668
keyword_hit,antimanifold,15507,2.0,0.0,True,1.5,1.3967510263125102,0.0,0.0,2.678038207689921,0.0,0.0016666666666666668,1.281287181377411,0.0,0.0016666666666666668
keyword_hit,antimanifold,15507,3.0,0.0,True,1.5,1.1643040875593822,0.0,0.0,2.678038207689921,0.0,0.0016666666666666668,1.513734120130539,0.0,0.0016666666666666668
keyword_hit,antimanifold,15507,4.0,0.0,True,1.5,1.1276821851730348,0.0,0.0,2.678038207689921,0.0,0.0016666666666666668,1.5503560225168864,0.0,0.0016666666666666668
keyword_hit,antimanifold,15507,5.0,0.0,True,1.5,1.1276821851730348,0.0,0.0,2.678038207689921,0.0,0.0016666666666666668,1.5503560225168864,0.0,0.0016666666666666668
keyword_hit,antimanifold,15664,0.0,0.1,True,0.0,3.559849572181702,0.1,0.005043859649122804,3.559849572181702,0.1,0.005043859649122804,0.0,0.0,0.0
keyword_hit,antimanifold,15664,0.5,0.43333333333333335,True,0.65625,3.7595556418100995,0.43333333333333335,0.0,3.864882620424032,0.43333333333333335,0.0,0.10532697861393236,0.0,0.0
keyword_hit,antimanifold,15664,1.0,0.9333333333333333,False,,4.841157619158427,0.9333333333333333,0.0,,,,,,
keyword_hit,antimanifold,15664,1.5,0.43333333333333335,True,0.65625,5.953914276758829,0.43333333333333335,0.009987697487697476,3.864882620424032,0.43333333333333335,0.0,-2.0890316563347975,0.0,-0.009987697487697476
keyword_hit,antimanifold,15664,2.0,0.13333333333333333,True,0.09999999999999998,4.552017609278361,0.13333333333333333,0.24233419585353205,3.5680242625872296,0.13333333333333333,0.004035087719298243,-0.9839933466911317,0.0,-0.2382991081342338
keyword_hit,antimanifold,15664,3.0,0.0,True,4.0,2.0735364397366842,0.0,0.8354747485660702,1.7783333718776704,0.0,0.9206589706589706,-0.29520306785901385,0.0,0.08518422209290044
keyword_hit,antimanifold,15664,4.0,0.0,True,4.0,1.6130270759264629,0.0,0.9317340067340066,1.7783333718776704,0.0,0.9206589706589706,0.1653062959512075,0.0,-0.011075036075036016
keyword_hit,antimanifold,15664,5.0,0.0,True,4.0,1.5647426227728525,0.0,0.9488888888888888,1.7783333718776704,0.0,0.9206589706589706,0.2135907491048179,0.0,-0.02822991822991816
keyword_hit,antimanifold,17102,0.0,0.0,True,0.0,3.559849572181702,0.0,0.005043859649122804,3.559849572181702,0.0,0.005043859649122804,0.0,0.0,0.0
keyword_hit,antimanifold,17102,0.5,0.4666666666666667,False,,3.9846853812535605,0.4666666666666667,0.0009009009009008967,,,,,,
keyword_hit,antimanifold,17102,1.0,0.3333333333333333,False,,5.143382604916891,0.3333333333333333,0.006666666666666664,,,,,,
keyword_hit,antimanifold,17102,1.5,0.03333333333333333,True,0.07142857142857142,6.221953344345093,0.03333333333333333,0.0,3.6042996440614976,0.03333333333333333,0.004323308270676689,-2.6176537002835953,0.0,0.004323308270676689
keyword_hit,antimanifold,17102,2.0,0.03333333333333333,True,0.07142857142857142,6.682785193125407,0.03333333333333333,0.0,3.6042996440614976,0.03333333333333333,0.004323308270676689,-3.0784855490639096,0.0,0.004323308270676689
keyword_hit,antimanifold,17102,3.0,0.03333333333333333,True,0.07142857142857142,6.202413781483968,0.03333333333333333,0.0,3.6042996440614976,0.03333333333333333,0.004323308270676689,-2.5981141374224705,0.0,0.004323308270676689
keyword_hit,antimanifold,17102,4.0,0.0,True,0.0,5.834643300374349,0.0,0.00119047619047619,3.559849572181702,0.0,0.005043859649122804,-2.2747937281926474,0.0,0.003853383458646614
keyword_hit,antimanifold,17102,5.0,0.0,True,0.0,5.537648773193359,0.0,0.00119047619047619,3.559849572181702,0.0,0.005043859649122804,-1.9777992010116572,0.0,0.003853383458646614
keyword_hit,antimanifold,23257,0.0,0.0,True,0.0,3.559849572181702,0.0,0.005043859649122804,3.559849572181702,0.0,0.005043859649122804,0.0,0.0,0.0
keyword_hit,antimanifold,23257,0.5,0.03333333333333333,True,0.5714285714285714,3.6794824798901877,0.03333333333333333,0.0,3.7758447635741463,0.03333333333333333,0.0,0.0963622836839586,0.0,0.0
keyword_hit,antimanifold,23257,1.0,0.26666666666666666,True,1.0999999999999999,5.006562582651774,0.26666666666666666,0.0,4.5756991100311275,0.26666666666666666,0.0,-0.43086347262064617,0.0,0.0
keyword_hit,antimanifold,23257,1.5,0.2,True,0.9285714285714286,6.709430344899496,0.2,0.002983870967741937,4.20824776604062,0.2,0.0,-2.5011825788588755,0.0,-0.002983870967741937
keyword_hit,antimanifold,23257,2.0,0.06666666666666667,True,0.6428571428571428,7.616453393300374,0.06666666666666667,0.0,3.862325364067441,0.06666666666666667,0.0,-3.7541280292329335,0.0,0.0
keyword_hit,antimanifold,23257,3.0,0.0,True,0.0,6.501924117406209,0.0,0.0,3.559849572181702,0.0,0.005043859649122804,-2.942074545224507,0.0,0.005043859649122804
keyword_hit,antimanifold,23257,4.0,0.0,True,0.0,5.429689741134643,0.0,0.0,3.559849572181702,0.0,0.005043859649122804,-1.8698401689529414,0.0,0.005043859649122804
keyword_hit,antimanifold,23257,5.0,0.0,True,0.0,4.956515709559123,0.0,0.0,3.559849572181702,0.0,0.005043859649122804,-1.3966661373774212,0.0,0.005043859649122804
keyword_hit,dirfix,359,0.0,0.0,True,0.0,3.559849572181702,0.0,0.005043859649122804,3.5595034758249917,0.0,0.005043859649122804,-0.00034609635671012384,0.0,0.0
keyword_hit,dirfix,359,0.5,0.6,True,0.5,4.578107786178589,0.6,0.0,4.224513999621073,0.6,0.00404040404040404,-0.35359378655751605,0.0,0.00404040404040404
keyword_hit,dirfix,359,1.0,0.6333333333333333,False,,4.445861593882243,0.6333333333333333,0.053616091827464116,,,,,,
keyword_hit,dirfix,359,1.5,0.2,True,0.16666666666666669,3.1642854889233907,0.2,0.3815123968539418,3.7811736504236855,0.2,0.0047093744462165495,0.6168881615002948,0.0,-0.37680302240772523
keyword_hit,dirfix,359,2.0,0.0,True,0.0,2.136661779880524,0.0,0.7363399928572929,3.5595034758249917,0.0,0.005043859649122804,1.4228416959444679,0.0,-0.7312961332081701
keyword_hit,dirfix,359,3.0,0.0,True,0.0,1.6747957905133566,0.0,0.8103703703703703,3.5595034758249917,0.0,0.005043859649122804,1.8847076853116351,0.0,-0.8053265107212475
keyword_hit,dirfix,359,4.0,0.0,True,0.0,1.1897318045298257,0.0,0.8844444444444444,3.5595034758249917,0.0,0.005043859649122804,2.369771671295166,0.0,-0.8794005847953216
keyword_hit,dirfix,359,5.0,0.0,True,0.0,0.8348305702209473,0.0,0.9688888888888888,3.5595034758249917,0.0,0.005043859649122804,2.724672905604044,0.0,-0.963845029239766
keyword_hit,dirfix,1344,0.0,0.0,True,0.0,3.559849572181702,0.0,0.005043859649122804,3.558613316218058,0.0,0.005043859649122804,-0.0012362559636436288,0.0,0.0
keyword_hit,dirfix,1344,0.5,0.4666666666666667,True,0.5555555555555556,4.255307308832804,0.4666666666666667,0.0,3.6430397166146173,0.4666666666666667,0.018227476626104907,-0.6122675922181866,0.0,0.018227476626104907
keyword_hit,dirfix,1344,1.0,0.9666666666666667,True,0.9722222222222222,5.5208391666412355,0.9666666666666667,0.0027777777777777766,3.6984004312091403,0.9666666666666667,0.06137123900957947,-1.8224387354320952,0.0,0.058593461231801695
keyword_hit,dirfix,1344,1.5,0.9,True,0.9166666666666667,6.587676858901977,0.9,0.0,3.691019002596537,0.9,0.055618737358449535,-2.89665785630544,0.0,0.055618737358449535
keyword_hit,dirfix,1344,2.0,0.6666666666666666,True,0.7222222222222222,6.8398193200429285,0.6666666666666666,0.0,3.6651840024524263,0.6666666666666666,0.03548498157949473,-3.174635317590502,0.0,0.03548498157949473
keyword_hit,dirfix,1344,3.0,0.2,True,0.25,7.144840987523397,0.2,0.0,3.597135802110036,0.2,0.008759417312048885,-3.5477051854133608,0.0,0.008759417312048885
keyword_hit,dirfix,1344,4.0,0.1,True,0.125,6.61721510887146,0.1,0.0,3.577874559164047,0.1,0.0069016384805858436,-3.039340549707413,0.0,0.0069016384805858436
keyword_hit,dirfix,1344,5.0,0.1,True,0.125,5.173409016927083,0.1,0.0,3.577874559164047,0.1,0.0069016384805858436,-1.5955344577630362,0.0,0.0069016384805858436
keyword_hit,dirfix,4317,0.0,0.03333333333333333,True,0.0,3.559849572181702,0.03333333333333333,0.005043859649122804,3.559849572181702,0.03333333333333333,0.005043859649122804,0.0,0.0,0.0
keyword_hit,dirfix,4317,0.5,0.03333333333333333,True,0.0,3.910381007194519,0.03333333333333333,0.0,3.559849572181702,0.03333333333333333,0.005043859649122804,-0.350531435012817,0.0,0.005043859649122804
keyword_hit,dirfix,4317,1.0,0.16666666666666666,True,1.03125,4.355145724614461,0.16666666666666666,0.0,3.8283188228805862,0.16666666666666666,0.0,-0.5268269017338749,0.0,0.0
keyword_hit,dirfix,4317,1.5,0.36666666666666664,True,1.21875,5.164029343922933,0.36666666666666664,0.0,4.093229786058267,0.36666666666666664,0.0,-1.0707995578646656,0.0,0.0
keyword_hit,dirfix,4317,2.0,0.13333333333333333,True,1.0,5.953251806894938,0.13333333333333333,0.0,3.784166995684306,0.13333333333333333,0.0,-2.1690848112106322,0.0,0.0
keyword_hit,dirfix,4317,3.0,0.06666666666666667,True,0.5,6.8609598477681475,0.06666666666666667,0.006290726817042599,3.637828739484151,0.06666666666666667,0.0,-3.2231311082839964,0.0,-0.006290726817042599
keyword_hit,dirfix,4317,4.0,0.0,False,,6.069953791300455,0.0,0.0593510376635731,,,,,,
keyword_hit,dirfix,4317,5.0,0.0,False,,5.0932507912317915,0.0,0.12751788781463078,,,,,,
keyword_hit,dirfix,4398,0.0,0.0,True,0.0,3.559849572181702,0.0,0.005043859649122804,3.559849572181702,0.0,0.005043859649122804,0.0,0.0,0.0
keyword_hit,dirfix,4398,0.5,0.6666666666666666,True,0.4347826086956521,4.195789750417074,0.6666666666666666,0.0,3.7110078911850417,0.6666666666666666,0.0006578947368421056,-0.4847818592320321,0.0,0.0006578947368421056
keyword_hit,dirfix,4398,1.0,0.26666666666666666,True,0.17391304347826086,5.31863694190979,0.26666666666666666,0.0,3.620312899783038,0.26666666666666666,0.0032894736842105244,-1.6983240421267518,0.0,0.0032894736842105244
keyword_hit,dirfix,4398,1.5,0.06666666666666667,True,0.043478260869565216,6.42907894452413,0.06666666666666667,0.0,3.574965404082036,0.06666666666666667,0.004605263157894734,-2.8541135404420936,0.0,0.004605263157894734
keyword_hit,dirfix,4398,2.0,0.0,True,0.0,6.859190845489502,0.0,0.0,3.559849572181702,0.0,0.005043859649122804,-3.2993412733078005,0.0,0.005043859649122804
keyword_hit,dirfix,4398,3.0,0.0,True,0.0,6.9061026255289715,0.0,0.0,3.559849572181702,0.0,0.005043859649122804,-3.3462530533472696,0.0,0.005043859649122804
keyword_hit,dirfix,4398,4.0,0.0,True,0.0,6.695966958999634,0.0,0.00111111111111111,3.559849572181702,0.0,0.005043859649122804,-3.136117386817932,0.0,0.003932748538011694
keyword_hit,dirfix,4398,5.0,0.0,True,0.0,6.245006132125854,0.0,0.0009259259259259234,3.559849572181702,0.0,0.005043859649122804,-2.6851565599441525,0.0,0.00411793372319688
keyword_hit,dirfix,6587,0.0,0.16666666666666666,True,0.0,3.559849572181702,0.16666666666666666,0.005043859649122804,3.559849572181702,0.16666666666666666,0.005043859649122804,0.0,0.0,0.0
keyword_hit,dirfix,6587,0.5,0.16666666666666666,True,0.0,4.107233254114787,0.16666666666666666,0.0,3.559849572181702,0.16666666666666666,0.005043859649122804,-0.5473836819330851,0.0,0.005043859649122804
keyword_hit,dirfix,6587,1.0,0.7333333333333333,True,0.86,5.507696493466695,0.7333333333333333,0.0,4.742849877357483,0.7333333333333333,0.025337049503406914,-0.764846616109212,0.0,0.025337049503406914
keyword_hit,dirfix,6587,1.5,0.8,True,0.9,6.545743942260742,0.8,0.0024390243902439,4.838785071372985,0.8,0.028004129077859537,-1.7069588708877568,0.0,0.025565104687615636
keyword_hit,dirfix,6587,2.0,0.4666666666666667,True,0.7,6.10467267036438,0.4666666666666667,0.014491459308532477,4.359109101295472,0.4666666666666667,0.014668731205596437,-1.7455635690689082,0.0,0.00017727189706395925
keyword_hit,dirfix,6587,3.0,0.3333333333333333,True,0.62,5.337505292892456,0.3333333333333333,0.010132713130444263,4.1672387132644655,0.3333333333333333,0.009334572056691194,-1.1702665796279907,0.0,-0.0007981410737530684
keyword_hit,dirfix,6587,4.0,0.26666666666666666,True,0.58,4.826267790794373,0.26666666666666666,0.017116698137685085,4.071303519248962,0.26666666666666666,0.006667492482238574,-0.7549642715454103,0.0,-0.010449205655446511
keyword_hit,dirfix,6587,5.0,0.16666666666666666,True,0.0,4.4350511948267615,0.16666666666666666,0.03251370223860296,3.559849572181702,0.16666666666666666,0.005043859649122804,-0.8752016226450596,0.0,-0.02746984258948016
keyword_hit,dirfix,6911,0.0,0.03333333333333333,True,0.0,3.559849572181702,0.03333333333333333,0.005043859649122804,3.559849572181702,0.03333333333333333,0.005043859649122804,0.0,0.0,0.0
keyword_hit,dirfix,6911,0.5,0.4,True,0.3928571428571429,3.793166653315226,0.4,0.0,3.447490391560963,0.4,0.0010808270676691718,-0.34567626175426325,0.0,0.0010808270676691718
keyword_hit,dirfix,6911,1.0,0.4666666666666667,True,0.4642857142857143,4.642797223726908,0.4666666666666667,0.0,3.4270614496299197,0.4666666666666667,0.0003602756892230573,-1.2157357740969883,0.0,0.0003602756892230573
keyword_hit,dirfix,6911,1.5,0.3,True,0.2857142857142857,5.900172583262125,0.3,0.0,3.4781338044575283,0.3,0.0021616541353383445,-2.422038778804597,0.0,0.0021616541353383445
keyword_hit,dirfix,6911,2.0,0.1,True,0.07142857142857144,6.463280153274536,0.1,0.0,3.5394206302506586,0.1,0.004323308270676689,-2.9238595230238777,0.0,0.004323308270676689
keyword_hit,dirfix,6911,3.0,0.0,False,,6.832909774780274,0.0,0.0,,,,,,
keyword_hit,dirfix,6911,4.0,0.06666666666666667,True,0.03571428571428571,6.864583905537923,0.06666666666666667,0.0,3.54963510121618,0.06666666666666667,0.004683583959899746,-3.314948804321743,0.0,0.004683583959899746
keyword_hit,dirfix,6911,5.0,0.2,True,0.17857142857142858,6.784826310475667,0.2,0.0,3.508777217354093,0.2,0.0032424812030075164,-3.276049093121574,0.0,0.0032424812030075164
keyword_hit,dirfix,7848,0.0,0.26666666666666666,True,0.0,3.559849572181702,0.26666666666666666,0.005043859649122804,3.5595034758249917,0.26666666666666666,0.005043859649122804,-0.00034609635671012384,0.0,0.0
keyword_hit,dirfix,7848,0.5,0.13333333333333333,True,2.4,4.304592235883077,0.13333333333333333,0.0,6.168378667831421,0.13333333333333333,0.0,1.863786431948344,0.0,0.0
keyword_hit,dirfix,7848,1.0,0.2,True,1.0,5.877863041559855,0.2,0.0,5.373877302805583,0.2,0.0,-0.5039857387542721,0.0,0.0
keyword_hit,dirfix,7848,1.5,0.2,True,1.0,6.774360942840576,0.2,0.0,5.373877302805583,0.2,0.0,-1.4004836400349934,0.0,0.0
keyword_hit,dirfix,7848,2.0,0.16666666666666666,True,2.2,6.453631337483724,0.16666666666666666,0.0,6.283677520751953,0.16666666666666666,0.0,-0.16995381673177157,0.0,0.0
keyword_hit,dirfix,7848,3.0,0.06666666666666667,True,2.8,5.969557889302572,0.06666666666666667,0.0,5.937780961990357,0.06666666666666665,0.0,-0.031776927312215264,-1.3877787807814457e-17,0.0
keyword_hit,dirfix,7848,4.0,0.06666666666666667,True,2.8,5.325090702374776,0.06666666666666667,0.0012345679012345666,5.937780961990357,0.06666666666666665,0.0,0.6126902596155803,-1.3877787807814457e-17,-0.0012345679012345666
keyword_hit,dirfix,7848,5.0,0.03333333333333333,True,3.0,4.924134651819865,0.03333333333333333,0.0,5.822482109069824,0.033333333333333326,0.0,0.898347457249959,-6.938893903907228e-18,0.0
keyword_hit,dirfix,14891,0.0,0.03333333333333333,True,0.0,3.559849572181702,0.03333333333333333,0.005043859649122804,3.5595034758249917,0.03333333333333333,0.005043859649122804,-0.00034609635671012384,0.0,0.0
keyword_hit,dirfix,14891,0.5,0.43333333333333335,True,0.6521739130434783,4.125027982393901,0.43333333333333335,0.0018018018018018,3.7572062974390774,0.43333333333333335,0.022635657479687144,-0.36782168495482326,0.0,0.020833855677885343
keyword_hit,dirfix,14891,1.0,0.8666666666666667,True,0.9347826086956523,5.1933200041453045,0.8666666666666667,0.0,3.989255404817885,0.8666666666666667,0.06117947712040223,-1.2040645993274195,0.0,0.06117947712040223
keyword_hit,dirfix,14891,1.5,0.7333333333333333,True,0.8478260869565217,6.262852255503336,0.7333333333333333,0.0,3.9178556794705597,0.7333333333333332,0.04931984030787449,-2.3449965760327767,-1.1102230246251565e-16,0.04931984030787449
keyword_hit,dirfix,14891,2.0,0.36666666666666664,True,0.6086956521739131,7.241084973017375,0.36666666666666664,0.0,3.7215064347654145,0.36666666666666664,0.01670583907342328,-3.5195785382519604,0.0,0.01670583907342328
keyword_hit,dirfix,14891,3.0,0.0,True,4.0,4.991898059844971,0.0,0.0,1.467052807410558,0.0,0.0,-3.524845252434413,0.0,0.0
keyword_hit,dirfix,14891,4.0,0.0,True,4.0,2.061070704460144,0.0,0.0,1.467052807410558,0.0,0.0,-0.594017897049586,0.0,0.0
keyword_hit,dirfix,14891,5.0,0.0,True,4.0,1.5190405229727426,0.0,0.0,1.467052807410558,0.0,0.0,-0.05198771556218462,0.0,0.0
keyword_hit,dirfix,15507,0.0,0.03333333333333333,True,0.0,3.559849572181702,0.03333333333333333,0.005043859649122804,3.5595034758249917,0.03333333333333333,0.005043859649122804,-0.00034609635671012384,0.0,0.0
keyword_hit,dirfix,15507,0.5,0.03333333333333333,True,0.0,3.8546272993087767,0.03333333333333333,0.0009259259259259234,3.5595034758249917,0.03333333333333333,0.005043859649122804,-0.29512382348378496,0.0,0.00411793372319688
keyword_hit,dirfix,15507,1.0,0.0,True,1.5,4.309838636716207,0.0,0.0,3.0418243050575255,0.0,0.02993867243867243,-1.2680143316586814,0.0,0.02993867243867243
keyword_hit,dirfix,15507,1.5,0.0,True,1.5,1.8906424542268117,0.0,0.0,3.0418243050575255,0.0,0.02993867243867243,1.151181850830714,0.0,0.02993867243867243
keyword_hit,dirfix,15507,2.0,0.0,True,1.5,1.3967510263125102,0.0,0.0,3.0418243050575255,0.0,0.02993867243867243,1.6450732787450153,0.0,0.02993867243867243
keyword_hit,dirfix,15507,3.0,0.0,True,1.5,1.1643040875593822,0.0,0.0,3.0418243050575255,0.0,0.02993867243867243,1.8775202174981434,0.0,0.02993867243867243
keyword_hit,dirfix,15507,4.0,0.0,True,1.5,1.1276821851730348,0.0,0.0,3.0418243050575255,0.0,0.02993867243867243,1.9141421198844908,0.0,0.02993867243867243
keyword_hit,dirfix,15507,5.0,0.0,True,1.5,1.1276821851730348,0.0,0.0,3.0418243050575255,0.0,0.02993867243867243,1.9141421198844908,0.0,0.02993867243867243
keyword_hit,dirfix,15664,0.0,0.1,True,0.0,3.559849572181702,0.1,0.005043859649122804,3.558959412574768,0.1,0.005043859649122804,-0.000890159606933949,0.0,0.0
keyword_hit,dirfix,15664,0.5,0.43333333333333335,True,0.4545454545454546,3.7595556418100995,0.43333333333333335,0.0,3.832619544954011,0.43333333333333335,0.0004585326953747996,0.07306390314391153,0.0,0.0004585326953747996
keyword_hit,dirfix,15664,1.0,0.9333333333333333,False,,4.841157619158427,0.9333333333333333,0.0,,,,,,
keyword_hit,dirfix,15664,1.5,0.43333333333333335,True,0.4545454545454546,5.953914276758829,0.43333333333333335,0.009987697487697476,3.832619544954011,0.43333333333333335,0.0004585326953747996,-2.1212947318048183,0.0,-0.009529164792322676
keyword_hit,dirfix,15664,2.0,0.13333333333333333,True,0.04545454545454544,4.552017609278361,0.13333333333333333,0.24233419585353205,3.586325425812692,0.13333333333333333,0.004585326953748003,-0.9656921834656691,0.0,-0.23774886889978405
keyword_hit,dirfix,15664,3.0,0.0,True,3.0,2.0735364397366842,0.0,0.8354747485660702,2.916719841957092,0.0,0.6202287821188022,0.8431834022204079,0.0,-0.215245966447268
keyword_hit,dirfix,15664,4.0,0.0,True,3.0,1.6130270759264629,0.0,0.9317340067340066,2.916719841957092,0.0,0.6202287821188022,1.3036927660306292,0.0,-0.31150522461520447
keyword_hit,dirfix,15664,5.0,0.0,True,3.0,1.5647426227728525,0.0,0.9488888888888888,2.916719841957092,0.0,0.6202287821188022,1.3519772191842396,0.0,-0.3286601067700866
keyword_hit,dirfix,17102,0.0,0.0,True,0.0,3.559849572181702,0.0,0.005043859649122804,3.5595034758249917,0.0,0.005043859649122804,-0.00034609635671012384,0.0,0.0
keyword_hit,dirfix,17102,0.5,0.4666666666666667,True,0.6071428571428572,3.9846853812535605,0.4666666666666667,0.0009009009009008967,3.7818860823199865,0.4666666666666667,0.0007275132275132254,-0.20279929893357407,0.0,-0.00017338767338767125
keyword_hit,dirfix,17102,1.0,0.3333333333333333,True,0.45454545454545453,5.143382604916891,0.3333333333333333,0.006666666666666664,3.631669900634072,0.3333333333333333,0.0013002835371256401,-1.511712704282819,0.0,-0.0053663831295410235
keyword_hit,dirfix,17102,1.5,0.03333333333333333,True,0.045454545454545456,6.221953344345093,0.03333333333333333,0.0,3.5667201183059,0.03333333333333333,0.004669502037923087,-2.655233226039193,0.0,0.004669502037923087
keyword_hit,dirfix,17102,2.0,0.03333333333333333,True,0.045454545454545456,6.682785193125407,0.03333333333333333,0.0,3.5667201183059,0.03333333333333333,0.004669502037923087,-3.1160650748195073,0.0,0.004669502037923087
keyword_hit,dirfix,17102,3.0,0.03333333333333333,True,0.045454545454545456,6.202413781483968,0.03333333333333333,0.0,3.5667201183059,0.03333333333333333,0.004669502037923087,-2.6356936631780683,0.0,0.004669502037923087
keyword_hit,dirfix,17102,4.0,0.0,True,0.0,5.834643300374349,0.0,0.00119047619047619,3.5595034758249917,0.0,0.005043859649122804,-2.2751398245493575,0.0,0.003853383458646614
keyword_hit,dirfix,17102,5.0,0.0,True,0.0,5.537648773193359,0.0,0.00119047619047619,3.5595034758249917,0.0,0.005043859649122804,-1.9781452973683673,0.0,0.003853383458646614
keyword_hit,dirfix,23257,0.0,0.0,True,0.0,3.559849572181702,0.0,0.005043859649122804,3.559849572181702,0.0,0.005043859649122804,0.0,0.0,0.0
keyword_hit,dirfix,23257,0.5,0.03333333333333333,True,0.1,3.6794824798901877,0.03333333333333333,0.0,3.578039349714915,0.03333333333333333,0.004035087719298243,-0.10144313017527251,0.0,0.004035087719298243
keyword_hit,dirfix,23257,1.0,0.26666666666666666,True,0.6,5.006562582651774,0.26666666666666666,0.0,3.7526927089691164,0.26666666666666666,0.0027126436781609187,-1.2538698736826572,0.0,0.0027126436781609187
keyword_hit,dirfix,23257,1.5,0.2,True,0.5333333333333333,6.709430344899496,0.2,0.002983870967741937,3.6847632095548843,0.2,0.0009042145593869735,-3.0246671353446115,0.0,-0.0020796564083549636
keyword_hit,dirfix,23257,2.0,0.06666666666666667,True,0.2,7.616453393300374,0.06666666666666667,0.0,3.5962291272481286,0.06666666666666667,0.003026315789473682,-4.020224266052246,0.0,0.003026315789473682
keyword_hit,dirfix,23257,3.0,0.0,True,0.0,6.501924117406209,0.0,0.0,3.559849572181702,0.0,0.005043859649122804,-2.942074545224507,0.0,0.005043859649122804
keyword_hit,dirfix,23257,4.0,0.0,True,0.0,5.429689741134643,0.0,0.0,3.559849572181702,0.0,0.005043859649122804,-1.8698401689529414,0.0,0.005043859649122804
keyword_hit,dirfix,23257,5.0,0.0,True,0.0,4.956515709559123,0.0,0.0,3.559849572181702,0.0,0.005043859649122804,-1.3966661373774212,0.0,0.005043859649122804
keyword_hit,residual,359,0.0,0.0,True,0.0,3.559849572181702,0.0,0.005043859649122804,3.5595034758249917,0.0,0.005043859649122804,-0.00034609635671012384,0.0,0.0
keyword_hit,residual,359,0.5,0.6,False,,4.578107786178589,0.6,0.0,,,,,,
keyword_hit,residual,359,1.0,0.6333333333333333,False,,4.445861593882243,0.6333333333333333,0.053616091827464116,,,,,,
keyword_hit,residual,359,1.5,0.2,True,0.17647058823529413,3.1642854889233907,0.2,0.3815123968539418,3.840560578364952,0.2,0.003263673890608873,0.6762750894415612,0.0,-0.3782487229633329
keyword_hit,residual,359,2.0,0.0,True,0.0,2.136661779880524,0.0,0.7363399928572929,3.5595034758249917,0.0,0.005043859649122804,1.4228416959444679,0.0,-0.7312961332081701
keyword_hit,residual,359,3.0,0.0,True,0.0,1.6747957905133566,0.0,0.8103703703703703,3.5595034758249917,0.0,0.005043859649122804,1.8847076853116351,0.0,-0.8053265107212475
keyword_hit,residual,359,4.0,0.0,True,0.0,1.1897318045298257,0.0,0.8844444444444444,3.5595034758249917,0.0,0.005043859649122804,2.369771671295166,0.0,-0.8794005847953216
keyword_hit,residual,359,5.0,0.0,True,0.0,0.8348305702209473,0.0,0.9688888888888888,3.5595034758249917,0.0,0.005043859649122804,2.724672905604044,0.0,-0.963845029239766
keyword_hit,residual,1344,0.0,0.0,True,0.0,3.559849572181702,0.0,0.005043859649122804,3.559849564234416,0.0,0.005043859649122804,-7.947285940446136e-09,0.0,0.0
keyword_hit,residual,1344,0.5,0.4666666666666667,True,0.5789473684210527,4.255307308832804,0.4666666666666667,0.0,4.408345102427298,0.4666666666666667,0.01223120497167684,0.15303779359449443,0.0,0.01223120497167684
keyword_hit,residual,1344,1.0,0.9666666666666667,True,0.9736842105263159,5.5208391666412355,0.9666666666666667,0.0027777777777777766,5.398334279604126,0.9666666666666668,0.0007644503107297994,-0.12250488703710971,1.1102230246251565e-16,-0.002013327467047977
keyword_hit,residual,1344,1.5,0.9,True,0.9210526315789475,6.587676858901977,0.9,0.0,5.266335722647216,0.9000000000000001,0.002293350932189405,-1.3213411362547616,1.1102230246251565e-16,0.002293350932189405
keyword_hit,residual,1344,2.0,0.6666666666666666,True,0.736842105263158,6.8398193200429285,0.6666666666666666,0.0,4.80434077329803,0.6666666666666666,0.007644503107298025,-2.0354785467448986,0.0,0.007644503107298025
keyword_hit,residual,1344,3.0,0.2,True,0.27272727272727276,7.144840987523397,0.2,0.0,3.9146664930112434,0.2,0.010215148515346502,-3.2301744945121533,0.0,0.010215148515346502
keyword_hit,residual,1344,4.0,0.1,True,0.13636363636363638,6.61721510887146,0.1,0.0,3.7372580286228296,0.1,0.007629504082234653,-2.8799570802486305,0.0,0.007629504082234653
keyword_hit,residual,1344,5.0,0.1,True,0.13636363636363638,5.173409016927083,0.1,0.0,3.7372580286228296,0.1,0.007629504082234653,-1.4361509883042536,0.0,0.007629504082234653
keyword_hit,residual,4317,0.0,0.03333333333333333,True,0.0,3.559849572181702,0.03333333333333333,0.005043859649122804,3.559849572181702,0.03333333333333333,0.005043859649122804,0.0,0.0,0.0
keyword_hit,residual,4317,0.5,0.03333333333333333,True,0.0,3.910381007194519,0.03333333333333333,0.0,3.559849572181702,0.03333333333333333,0.005043859649122804,-0.350531435012817,0.0,0.005043859649122804
keyword_hit,residual,4317,1.0,0.16666666666666666,True,1.0,4.355145724614461,0.16666666666666666,0.0,4.692934354146321,0.16666666666666666,0.0,0.3377886295318602,0.0,0.0
keyword_hit,residual,4317,1.5,0.36666666666666664,False,,5.164029343922933,0.36666666666666664,0.0,,,,,,
keyword_hit,residual,4317,2.0,0.13333333333333333,True,0.875,5.953251806894938,0.13333333333333333,0.0,4.504611057043075,0.13333333333333333,0.0,-1.4486407498518634,0.0,0.0
keyword_hit,residual,4317,3.0,0.06666666666666667,True,0.625,6.8609598477681475,0.06666666666666667,0.006290726817042599,4.127964462836584,0.06666666666666667,0.0,-2.732995384931564,0.0,-0.006290726817042599
keyword_hit,residual,4317,4.0,0.0,True,5.0,6.069953791300455,0.0,0.0593510376635731,6.433942111333211,0.0,0.008486091767825497,0.36398832003275583,0.0,-0.0508649458957476
keyword_hit,residual,4317,5.0,0.0,True,5.0,5.0932507912317915,0.0,0.12751788781463078,6.433942111333211,0.0,0.008486091767825497,1.3406913201014197,0.0,-0.11903179604680528
keyword_hit,residual,4398,0.0,0.0,True,0.0,3.559849572181702,0.0,0.005043859649122804,3.559849572181702,0.0,0.005043859649122804,0.0,0.0,0.0
keyword_hit,residual,4398,0.5,0.6666666666666666,False,,4.195789750417074,0.6666666666666666,0.0,,,,,,
keyword_hit,residual,4398,1.0,0.26666666666666666,True,0.22222222222222224,5.31863694190979,0.26666666666666666,0.0,3.852119416660733,0.26666666666666666,0.0028021442495126687,-1.4665175252490568,0.0,0.0028021442495126687
keyword_hit,residual,4398,1.5,0.06666666666666667,True,0.05555555555555556,6.42907894452413,0.06666666666666667,0.0,3.6329170333014598,0.06666666666666667,0.00448343079922027,-2.79616191122267,0.0,0.00448343079922027
keyword_hit,residual,4398,2.0,0.0,True,0.0,6.859190845489502,0.0,0.0,3.559849572181702,0.0,0.005043859649122804,-3.2993412733078005,0.0,0.005043859649122804
keyword_hit,residual,4398,3.0,0.0,True,0.0,6.9061026255289715,0.0,0.0,3.559849572181702,0.0,0.005043859649122804,-3.3462530533472696,0.0,0.005043859649122804
keyword_hit,residual,4398,4.0,0.0,True,0.0,6.695966958999634,0.0,0.00111111111111111,3.559849572181702,0.0,0.005043859649122804,-3.136117386817932,0.0,0.003932748538011694
keyword_hit,residual,4398,5.0,0.0,True,0.0,6.245006132125854,0.0,0.0009259259259259234,3.559849572181702,0.0,0.005043859649122804,-2.6851565599441525,0.0,0.00411793372319688
keyword_hit,residual,6587,0.0,0.16666666666666666,True,0.0,3.559849572181702,0.16666666666666666,0.005043859649122804,3.559849572181702,0.16666666666666666,0.005043859649122804,0.0,0.0,0.0
keyword_hit,residual,6587,0.5,0.16666666666666666,True,0.0,4.107233254114787,0.16666666666666666,0.0,3.559849572181702,0.16666666666666666,0.005043859649122804,-0.5473836819330851,0.0,0.005043859649122804
keyword_hit,residual,6587,1.0,0.7333333333333333,True,0.9736842105263157,5.507696493466695,0.7333333333333333,0.0,5.103816568642332,0.7333333333333333,0.006353157668947138,-0.40387992482436363,0.0,0.006353157668947138
keyword_hit,residual,6587,1.5,0.8,True,1.1,6.545743942260742,0.8,0.0024390243902439,5.419286724726359,0.8,0.005463493796827127,-1.1264572175343828,0.0,0.003024469406583227
keyword_hit,residual,6587,2.0,0.4666666666666667,True,0.763157894736842,6.10467267036438,0.4666666666666667,0.014491459308532477,4.697862937157614,0.4666666666666667,0.004058632567404495,-1.4068097332067655,0.0,-0.010432826741127981
keyword_hit,residual,6587,3.0,0.3333333333333333,True,0.6578947368421052,5.337505292892456,0.3333333333333333,0.010132713130444263,4.494886121415255,0.3333333333333333,0.002911370016633173,-0.8426191714772013,0.0,-0.00722134311381109
keyword_hit,residual,6587,4.0,0.26666666666666666,True,0.6052631578947368,4.826267790794373,0.26666666666666666,0.017116698137685085,4.393397713544076,0.26666666666666666,0.002337738741247512,-0.43287007725029714,0.0,-0.014778959396437573
keyword_hit,residual,6587,5.0,0.16666666666666666,True,0.0,4.4350511948267615,0.16666666666666666,0.03251370223860296,3.559849572181702,0.16666666666666666,0.005043859649122804,-0.8752016226450596,0.0,-0.02746984258948016
keyword_hit,residual,6911,0.0,0.03333333333333333,True,0.0,3.559849572181702,0.03333333333333333,0.005043859649122804,3.559849572181702,0.03333333333333333,0.005043859649122804,0.0,0.0,0.0
keyword_hit,residual,6911,0.5,0.4,True,0.3928571428571429,3.793166653315226,0.4,0.0,3.896066134884244,0.4,0.0010808270676691718,0.10289948156901785,0.0,0.0010808270676691718
keyword_hit,residual,6911,1.0,0.4666666666666667,True,0.4642857142857143,4.642797223726908,0.4666666666666667,0.0,3.957196419011979,0.4666666666666667,0.0003602756892230573,-0.6856008047149289,0.0,0.0003602756892230573
keyword_hit,residual,6911,1.5,0.3,True,0.2857142857142857,5.900172583262125,0.3,0.0,3.8043707086926415,0.3,0.0021616541353383445,-2.0958018745694837,0.0,0.0021616541353383445
keyword_hit,residual,6911,2.0,0.1,True,0.07142857142857144,6.463280153274536,0.1,0.0,3.620979856309437,0.1,0.004323308270676689,-2.8423002969650994,0.0,0.004323308270676689
keyword_hit,residual,6911,3.0,0.0,False,,6.832909774780274,0.0,0.0,,,,,,
keyword_hit,residual,6911,4.0,0.06666666666666667,True,0.03571428571428571,6.864583905537923,0.06666666666666667,0.0,3.5904147142455693,0.06666666666666667,0.004683583959899746,-3.274169191292354,0.0,0.004683583959899746
keyword_hit,residual,6911,5.0,0.2,True,0.17857142857142858,6.784826310475667,0.2,0.0,3.7126752825010394,0.2,0.0032424812030075164,-3.072151027974628,0.0,0.0032424812030075164
keyword_hit,residual,7848,0.0,0.26666666666666666,True,0.0,3.559849572181702,0.26666666666666666,0.005043859649122804,3.558613316218058,0.26666666666666666,0.005043859649122804,-0.0012362559636436288,0.0,0.0
keyword_hit,residual,7848,0.5,0.13333333333333333,True,2.4,4.304592235883077,0.13333333333333333,0.0,6.169768368403116,0.13333333333333333,0.0,1.8651761325200393,0.0,0.0
keyword_hit,residual,7848,1.0,0.2,True,1.0,5.877863041559855,0.2,0.0,5.377378463745117,0.2,0.0,-0.5004845778147375,0.0,0.0
keyword_hit,residual,7848,1.5,0.2,True,1.0,6.774360942840576,0.2,0.0,5.377378463745117,0.2,0.0,-1.3969824790954588,0.0,0.0
keyword_hit,residual,7848,2.0,0.16666666666666666,True,2.2,6.453631337483724,0.16666666666666666,0.0,6.288989013036092,0.16666666666666666,0.0,-0.16464232444763205,0.0,0.0
keyword_hit,residual,7848,3.0,0.06666666666666667,True,2.8,5.969557889302572,0.06666666666666667,0.0,5.931327079137166,0.06666666666666665,0.0,-0.038230810165406304,-1.3877787807814457e-17,0.0
keyword_hit,residual,7848,4.0,0.06666666666666667,True,2.8,5.325090702374776,0.06666666666666667,0.0012345679012345666,5.931327079137166,0.06666666666666665,0.0,0.6062363767623893,-1.3877787807814457e-17,-0.0012345679012345666
keyword_hit,residual,7848,5.0,0.03333333333333333,True,3.0,4.924134651819865,0.03333333333333333,0.0,5.812106434504191,0.033333333333333326,0.0,0.8879717826843256,-6.938893903907228e-18,0.0
keyword_hit,residual,14891,0.0,0.03333333333333333,True,0.0,3.559849572181702,0.03333333333333333,0.005043859649122804,3.5595034758249917,0.03333333333333333,0.005043859649122804,-0.00034609635671012384,0.0,0.0
keyword_hit,residual,14891,0.5,0.43333333333333335,True,0.7352941176470589,4.125027982393901,0.43333333333333335,0.0018018018018018,4.649893986477572,0.43333333333333335,0.0,0.5248660040836715,0.0,-0.0018018018018018
keyword_hit,residual,14891,1.0,0.8666666666666667,False,,5.1933200041453045,0.8666666666666667,0.0,,,,,,
keyword_hit,residual,14891,1.5,0.7333333333333333,True,1.0,6.262852255503336,0.7333333333333333,0.0,5.232378029823304,0.7333333333333333,0.0,-1.0304742256800328,0.0,0.0
keyword_hit,residual,14891,2.0,0.36666666666666664,True,0.6764705882352942,7.241084973017375,0.36666666666666664,0.0,4.520453087956298,0.36666666666666664,0.0,-2.720631885061077,0.0,0.0
keyword_hit,residual,14891,3.0,0.0,True,4.0,4.991898059844971,0.0,0.0,4.017290798823039,0.0,0.0,-0.9746072610219318,0.0,0.0
keyword_hit,residual,14891,4.0,0.0,True,4.0,2.061070704460144,0.0,0.0,4.017290798823039,0.0,0.0,1.956220094362895,0.0,0.0
keyword_hit,residual,14891,5.0,0.0,True,4.0,1.5190405229727426,0.0,0.0,4.017290798823039,0.0,0.0,2.498250275850296,0.0,0.0
keyword_hit,residual,15507,0.0,0.03333333333333333,True,0.0,3.559849572181702,0.03333333333333333,0.005043859649122804,3.5595034758249917,0.03333333333333333,0.005043859649122804,-0.00034609635671012384,0.0,0.0
keyword_hit,residual,15507,0.5,0.03333333333333333,True,0.0,3.8546272993087767,0.03333333333333333,0.0009259259259259234,3.5595034758249917,0.03333333333333333,0.005043859649122804,-0.29512382348378496,0.0,0.00411793372319688
keyword_hit,residual,15507,1.0,0.0,True,1.0,4.309838636716207,0.0,0.0,4.51669225692749,0.0,0.00128205128205128,0.20685362021128295,0.0,0.00128205128205128
keyword_hit,residual,15507,1.5,0.0,True,1.0,1.8906424542268117,0.0,0.0,4.51669225692749,0.0,0.00128205128205128,2.6260498027006784,0.0,0.00128205128205128
keyword_hit,residual,15507,2.0,0.0,True,1.0,1.3967510263125102,0.0,0.0,4.51669225692749,0.0,0.00128205128205128,3.1199412306149794,0.0,0.00128205128205128
keyword_hit,residual,15507,3.0,0.0,True,1.0,1.1643040875593822,0.0,0.0,4.51669225692749,0.0,0.00128205128205128,3.3523881693681075,0.0,0.00128205128205128
keyword_hit,residual,15507,4.0,0.0,True,1.0,1.1276821851730348,0.0,0.0,4.51669225692749,0.0,0.00128205128205128,3.389010071754455,0.0,0.00128205128205128
keyword_hit,residual,15507,5.0,0.0,True,1.0,1.1276821851730348,0.0,0.0,4.51669225692749,0.0,0.00128205128205128,3.389010071754455,0.0,0.00128205128205128
keyword_hit,residual,15664,0.0,0.1,True,0.0,3.559849572181702,0.1,0.005043859649122804,3.5595034758249917,0.1,0.005043859649122804,-0.00034609635671012384,0.0,0.0
keyword_hit,residual,15664,0.5,0.43333333333333335,True,0.5666666666666667,3.7595556418100995,0.43333333333333335,0.0,3.7285920148425635,0.43333333333333335,0.0006753636227320431,-0.030963626967535962,0.0,0.0006753636227320431
keyword_hit,residual,15664,1.0,0.9333333333333333,True,1.5,4.841157619158427,0.9333333333333333,0.0,5.563926490147908,0.9333333333333333,0.013952404129430085,0.7227688709894817,0.0,0.013952404129430085
keyword_hit,residual,15664,1.5,0.43333333333333335,True,0.5666666666666667,5.953914276758829,0.43333333333333335,0.009987697487697476,3.7285920148425635,0.43333333333333335,0.0006753636227320431,-2.225322261916266,0.0,-0.009312333864965433
keyword_hit,residual,15664,2.0,0.13333333333333333,True,0.0625,4.552017609278361,0.13333333333333333,0.24233419585353205,3.569729388753573,0.13333333333333333,0.004413377192982453,-0.9822882205247883,0.0,-0.2379208186605496
keyword_hit,residual,15664,3.0,0.0,True,3.0,2.0735364397366842,0.0,0.8354747485660702,1.9392794171969099,0.0,0.8543832007785496,-0.13425702253977434,0.0,0.018908452212479387
keyword_hit,residual,15664,4.0,0.0,True,3.0,1.6130270759264629,0.0,0.9317340067340066,1.9392794171969099,0.0,0.8543832007785496,0.326252341270447,0.0,-0.07735080595545707
keyword_hit,residual,15664,5.0,0.0,True,3.0,1.5647426227728525,0.0,0.9488888888888888,1.9392794171969099,0.0,0.8543832007785496,0.3745367944240574,0.0,-0.09450568811033921
keyword_hit,residual,17102,0.0,0.0,True,0.0,3.559849572181702,0.0,0.005043859649122804,3.559849572181702,0.0,0.005043859649122804,0.0,0.0,0.0
keyword_hit,residual,17102,0.5,0.4666666666666667,False,,3.9846853812535605,0.4666666666666667,0.0009009009009008967,,,,,,
keyword_hit,residual,17102,1.0,0.3333333333333333,True,0.625,5.143382604916891,0.3333333333333333,0.006666666666666664,4.211271792650223,0.3333333333333333,0.0006944444444444426,-0.9321108122666679,0.0,-0.005972222222222221
keyword_hit,residual,17102,1.5,0.03333333333333333,True,0.05555555555555556,6.221953344345093,0.03333333333333333,0.0,3.6028243585869117,0.03333333333333333,0.004586311457656484,-2.619128985758181,0.0,0.004586311457656484
keyword_hit,residual,17102,2.0,0.03333333333333333,True,0.05555555555555556,6.682785193125407,0.03333333333333333,0.0,3.6028243585869117,0.03333333333333333,0.004586311457656484,-3.0799608345384955,0.0,0.004586311457656484
keyword_hit,residual,17102,3.0,0.03333333333333333,True,0.05555555555555556,6.202413781483968,0.03333333333333333,0.0,3.6028243585869117,0.03333333333333333,0.004586311457656484,-2.5995894228970564,0.0,0.004586311457656484
keyword_hit,residual,17102,4.0,0.0,True,0.0,5.834643300374349,0.0,0.00119047619047619,3.559849572181702,0.0,0.005043859649122804,-2.2747937281926474,0.0,0.003853383458646614
keyword_hit,residual,17102,5.0,0.0,True,0.0,5.537648773193359,0.0,0.00119047619047619,3.559849572181702,0.0,0.005043859649122804,-1.9777992010116572,0.0,0.003853383458646614
keyword_hit,residual,23257,0.0,0.0,True,0.0,3.559849572181702,0.0,0.005043859649122804,3.559849572181702,0.0,0.005043859649122804,0.0,0.0,0.0
keyword_hit,residual,23257,0.5,0.03333333333333333,True,0.55,3.6794824798901877,0.03333333333333333,0.0,3.8795939326286315,0.03333333333333333,0.0,0.20011145273844377,0.0,0.0
keyword_hit,residual,23257,1.0,0.26666666666666666,True,0.9,5.006562582651774,0.26666666666666666,0.0,5.088190491994222,0.26666666666666666,0.0,0.08162790934244857,0.0,0.0
keyword_hit,residual,23257,1.5,0.2,True,0.8,6.709430344899496,0.2,0.002983870967741937,4.742877189318339,0.2,0.0,-1.966553155581157,0.0,-0.002983870967741937
keyword_hit,residual,23257,2.0,0.06666666666666667,True,0.6,7.616453393300374,0.06666666666666667,0.0,4.052250583966573,0.06666666666666667,0.0,-3.5642028093338016,0.0,0.0
keyword_hit,residual,23257,3.0,0.0,True,0.0,6.501924117406209,0.0,0.0,3.559849572181702,0.0,0.005043859649122804,-2.942074545224507,0.0,0.005043859649122804
keyword_hit,residual,23257,4.0,0.0,True,0.0,5.429689741134643,0.0,0.0,3.559849572181702,0.0,0.005043859649122804,-1.8698401689529414,0.0,0.005043859649122804
keyword_hit,residual,23257,5.0,0.0,True,0.0,4.956515709559123,0.0,0.0,3.559849572181702,0.0,0.005043859649122804,-1.3966661373774212,0.0,0.005043859649122804
keyword_hit,shared,359,0.0,0.0,True,0.0,3.559849572181702,0.0,0.005043859649122804,3.558613316218058,0.0,0.005043859649122804,-0.0012362559636436288,0.0,0.0
keyword_hit,shared,359,0.5,0.6,True,0.7,4.578107786178589,0.6,0.0,2.920478811264038,0.6,0.25892106814527827,-1.6576289749145512,0.0,0.25892106814527827
keyword_hit,shared,359,1.0,0.6333333333333333,True,0.8,4.445861593882243,0.6333333333333333,0.053616091827464116,2.68097749710083,0.6333333333333333,0.375940491848308,-1.7648840967814126,0.0,0.3223244000208439
keyword_hit,shared,359,1.5,0.2,True,0.1875,3.1642854889233907,0.2,0.3815123968539418,3.4989388624827065,0.2,0.012483245057908765,0.3346533735593158,0.0,-0.369029151796033
keyword_hit,shared,359,2.0,0.0,True,0.0,2.136661779880524,0.0,0.7363399928572929,3.558613316218058,0.0,0.005043859649122804,1.4219515363375343,0.0,-0.7312961332081701
keyword_hit,shared,359,3.0,0.0,True,0.0,1.6747957905133566,0.0,0.8103703703703703,3.558613316218058,0.0,0.005043859649122804,1.8838175257047016,0.0,-0.8053265107212475
keyword_hit,shared,359,4.0,0.0,True,0.0,1.1897318045298257,0.0,0.8844444444444444,3.558613316218058,0.0,0.005043859649122804,2.3688815116882322,0.0,-0.8794005847953216
keyword_hit,shared,359,5.0,0.0,True,0.0,0.8348305702209473,0.0,0.9688888888888888,3.558613316218058,0.0,0.005043859649122804,2.723782745997111,0.0,-0.963845029239766
keyword_hit,shared,1344,0.0,0.0,True,0.0,3.559849572181702,0.0,0.005043859649122804,3.559849572181702,0.0,0.005043859649122804,0.0,0.0,0.0
keyword_hit,shared,1344,0.5,0.4666666666666667,True,0.5555555555555556,4.255307308832804,0.4666666666666667,0.0,3.5368284984871194,0.4666666666666667,0.019130513403813738,-0.7184788103456845,0.0,0.019130513403813738
keyword_hit,shared,1344,1.0,0.9666666666666667,True,0.9722222222222222,5.5208391666412355,0.9666666666666667,0.0027777777777777766,3.489795340873577,0.9666666666666667,0.1235468639324168,-2.0310438257676586,0.0,0.12076908615463902
keyword_hit,shared,1344,1.5,0.9,True,0.9166666666666667,6.587676858901977,0.9,0.0,3.4960664285553826,0.9,0.1096246838619364,-3.0916104303465946,0.0,0.1096246838619364
keyword_hit,shared,1344,2.0,0.6666666666666666,True,0.7222222222222222,6.8398193200429285,0.6666666666666666,0.0,3.5180152354417022,0.6666666666666666,0.06089705361525496,-3.3218040846012262,0.0,0.06089705361525496
keyword_hit,shared,1344,3.0,0.2,True,0.25,7.144840987523397,0.2,0.0,3.5514745791753137,0.2,0.005126096491228069,-3.593366408348083,0.0,0.005126096491228069
keyword_hit,shared,1344,4.0,0.1,True,0.125,6.61721510887146,0.1,0.0,3.555662075678508,0.1,0.005084978070175436,-3.0615530331929524,0.0,0.005084978070175436
keyword_hit,shared,1344,5.0,0.1,True,0.125,5.173409016927083,0.1,0.0,3.555662075678508,0.1,0.005084978070175436,-1.6177469412485754,0.0,0.005084978070175436
keyword_hit,shared,4317,0.0,0.03333333333333333,True,0.0,3.559849572181702,0.03333333333333333,0.005043859649122804,3.559849572181702,0.03333333333333333,0.005043859649122804,0.0,0.0,0.0
keyword_hit,shared,4317,0.5,0.03333333333333333,True,0.0,3.910381007194519,0.03333333333333333,0.0,3.559849572181702,0.03333333333333333,0.005043859649122804,-0.350531435012817,0.0,0.005043859649122804
keyword_hit,shared,4317,1.0,0.16666666666666666,True,1.0,4.355145724614461,0.16666666666666666,0.0,3.6098296642303467,0.16666666666666666,0.0,-0.7453160603841145,0.0,0.0
keyword_hit,shared,4317,1.5,0.36666666666666664,True,1.1764705882352942,5.164029343922933,0.36666666666666664,0.0,3.7958265585057878,0.36666666666666664,0.0,-1.3682027854171452,0.0,0.0
keyword_hit,shared,4317,2.0,0.13333333333333333,True,0.8333333333333334,5.953251806894938,0.13333333333333333,0.0,3.591504086388482,0.13333333333333333,0.0,-2.361747720506456,0.0,0.0
keyword_hit,shared,4317,3.0,0.06666666666666667,True,0.5,6.8609598477681475,0.06666666666666667,0.006290726817042599,3.5548529307047527,0.06666666666666667,0.0,-3.3061069170633948,0.0,-0.006290726817042599
keyword_hit,shared,4317,4.0,0.0,False,,6.069953791300455,0.0,0.0593510376635731,,,,,,
keyword_hit,shared,4317,5.0,0.0,False,,5.0932507912317915,0.0,0.12751788781463078,,,,,,
keyword_hit,shared,4398,0.0,0.0,True,0.0,3.559849572181702,0.0,0.005043859649122804,3.559849572181702,0.0,0.005043859649122804,0.0,0.0,0.0
keyword_hit,shared,4398,0.5,0.6666666666666666,True,0.45454545454545453,4.195789750417074,0.6666666666666666,0.0,3.6817433212742663,0.6666666666666666,0.0004585326953748005,-0.5140464291428075,0.0,0.0004585326953748005
keyword_hit,shared,4398,1.0,0.26666666666666666,True,0.18181818181818182,5.31863694190979,0.26666666666666666,0.0,3.6086070718187275,0.26666666666666666,0.0032097288676236025,-1.7100298700910623,0.0,0.0032097288676236025
keyword_hit,shared,4398,1.5,0.06666666666666667,True,0.045454545454545456,6.42907894452413,0.06666666666666667,0.0,3.572038947090958,0.06666666666666667,0.004585326953748003,-2.8570399974331715,0.0,0.004585326953748003
keyword_hit,shared,4398,2.0,0.0,True,0.0,6.859190845489502,0.0,0.0,3.559849572181702,0.0,0.005043859649122804,-3.2993412733078005,0.0,0.005043859649122804
keyword_hit,shared,4398,3.0,0.0,True,0.0,6.9061026255289715,0.0,0.0,3.559849572181702,0.0,0.005043859649122804,-3.3462530533472696,0.0,0.005043859649122804
keyword_hit,shared,4398,4.0,0.0,True,0.0,6.695966958999634,0.0,0.00111111111111111,3.559849572181702,0.0,0.005043859649122804,-3.136117386817932,0.0,0.003932748538011694
keyword_hit,shared,4398,5.0,0.0,True,0.0,6.245006132125854,0.0,0.0009259259259259234,3.559849572181702,0.0,0.005043859649122804,-2.6851565599441525,0.0,0.00411793372319688
keyword_hit,shared,6587,0.0,0.16666666666666666,True,0.0,3.559849572181702,0.16666666666666666,0.005043859649122804,3.559849572181702,0.16666666666666666,0.005043859649122804,0.0,0.0,0.0
keyword_hit,shared,6587,0.5,0.16666666666666666,True,0.0,4.107233254114787,0.16666666666666666,0.0,3.559849572181702,0.16666666666666666,0.005043859649122804,-0.5473836819330851,0.0,0.005043859649122804
keyword_hit,shared,6587,1.0,0.7333333333333333,True,0.8541666666666666,5.507696493466695,0.7333333333333333,0.0,3.8719720635149213,0.7333333333333333,0.13394845815745962,-1.635724429951774,0.0,0.13394845815745962
keyword_hit,shared,6587,1.5,0.8,True,0.8958333333333334,6.545743942260742,0.8,0.0024390243902439,3.889454488621818,0.8,0.1495882648806783,-2.6562894536389243,0.0,0.1471492404904344
keyword_hit,shared,6587,2.0,0.4666666666666667,True,0.6875,6.10467267036438,0.4666666666666667,0.014491459308532477,3.8020423630873363,0.4666666666666667,0.07138923126458499,-2.3026303072770435,0.0,0.056897771956052515
keyword_hit,shared,6587,3.0,0.3333333333333333,True,0.6041666666666666,5.337505292892456,0.3333333333333333,0.010132713130444263,3.7670775128735436,0.3333333333333333,0.040109617818147654,-1.5704277800189126,0.0,0.029976904687703393
keyword_hit,shared,6587,4.0,0.26666666666666666,True,0.5625,4.826267790794373,0.26666666666666666,0.017116698137685085,3.7495950877666475,0.26666666666666666,0.024469811094928996,-1.0766727030277252,0.0,0.007353112957243911
keyword_hit,shared,6587,5.0,0.16666666666666666,True,0.0,4.4350511948267615,0.16666666666666666,0.03251370223860296,3.559849572181702,0.16666666666666666,0.005043859649122804,-0.8752016226450596,0.0,-0.02746984258948016
keyword_hit,shared,6911,0.0,0.03333333333333333,True,0.0,3.559849572181702,0.03333333333333333,0.005043859649122804,3.559849572181702,0.03333333333333333,0.005043859649122804,0.0,0.0,0.0
keyword_hit,shared,6911,0.5,0.4,True,0.3928571428571429,3.793166653315226,0.4,0.0,3.3340130854220615,0.4,0.0010808270676691718,-0.45915356789316464,0.0,0.0010808270676691718
keyword_hit,shared,6911,1.0,0.4666666666666667,True,0.4642857142857143,4.642797223726908,0.4666666666666667,0.0,3.292951906011218,0.4666666666666667,0.0003602756892230573,-1.34984531771569,0.0,0.0003602756892230573
keyword_hit,shared,6911,1.5,0.3,True,0.2857142857142857,5.900172583262125,0.3,0.0,3.3956048545383273,0.3,0.0021616541353383445,-2.504567728723798,0.0,0.0021616541353383445
keyword_hit,shared,6911,2.0,0.1,True,0.07142857142857144,6.463280153274536,0.1,0.0,3.5187883927708583,0.1,0.004323308270676689,-2.944491760503678,0.0,0.004323308270676689
keyword_hit,shared,6911,3.0,0.0,False,,6.832909774780274,0.0,0.0,,,,,,
keyword_hit,shared,6911,4.0,0.06666666666666667,True,0.03571428571428571,6.864583905537923,0.06666666666666667,0.0,3.53931898247628,0.06666666666666667,0.004683583959899746,-3.3252649230616433,0.0,0.004683583959899746
keyword_hit,shared,6911,5.0,0.2,True,0.17857142857142858,6.784826310475667,0.2,0.0,3.4571966236545926,0.2,0.0032424812030075164,-3.3276296868210746,0.0,0.0032424812030075164
keyword_hit,shared,7848,0.0,0.26666666666666666,True,0.0,3.559849572181702,0.26666666666666666,0.005043859649122804,3.559849572181702,0.26666666666666666,0.005043859649122804,0.0,0.0,0.0
keyword_hit,shared,7848,0.5,0.13333333333333333,True,3.875,4.304592235883077,0.13333333333333333,0.0,2.719997585316499,0.13333333333333333,0.7295535600677315,-1.584594650566578,0.0,0.7295535600677315
keyword_hit,shared,7848,1.0,0.2,True,3.625,5.877863041559855,0.2,0.0,2.851858343183994,0.2,0.7030933792870566,-3.0260046983758606,0.0,0.7030933792870566
keyword_hit,shared,7848,1.5,0.2,True,3.625,6.774360942840576,0.2,0.0,2.851858343183994,0.2,0.7030933792870566,-3.922502599656582,0.0,0.7030933792870566
keyword_hit,shared,7848,2.0,0.16666666666666666,True,3.75,6.453631337483724,0.16666666666666666,0.0,2.7859279642502464,0.16666666666666666,0.7163234696773941,-3.667703373233478,0.0,0.7163234696773941
keyword_hit,shared,7848,3.0,0.06666666666666667,True,4.5,5.969557889302572,0.06666666666666667,0.0,2.4176259418328603,0.06666666666666667,0.7921073134445227,-3.5519319474697117,0.0,0.7921073134445227
keyword_hit,shared,7848,4.0,0.06666666666666667,True,4.5,5.325090702374776,0.06666666666666667,0.0012345679012345666,2.4176259418328603,0.06666666666666667,0.7921073134445227,-2.907464760541916,0.0,0.7908727455432881
keyword_hit,shared,7848,5.0,0.03333333333333333,True,5.0,4.924134651819865,0.03333333333333333,0.0,2.1811846772829693,0.033333333333333326,0.8414309764309763,-2.742949974536896,-6.938893903907228e-18,0.8414309764309763
keyword_hit,shared,14891,0.0,0.03333333333333333,True,0.0,3.559849572181702,0.03333333333333333,0.005043859649122804,3.559849572181702,0.03333333333333333,0.005043859649122804,0.0,0.0,0.0
keyword_hit,shared,14891,0.5,0.43333333333333335,True,0.6521739130434783,4.125027982393901,0.43333333333333335,0.0018018018018018,3.636701126029526,0.43333333333333335,0.03916359622118251,-0.4883268563643748,0.0,0.037361794419380714
keyword_hit,shared,14891,1.0,0.8666666666666667,True,0.9347826086956523,5.1933200041453045,0.8666666666666667,0.0,3.8945071876912882,0.8666666666666667,0.1050641573715468,-1.2988128164540163,0.0,0.1050641573715468
keyword_hit,shared,14891,1.5,0.7333333333333333,True,0.8478260869565217,6.262852255503336,0.7333333333333333,0.0,3.815182245641515,0.7333333333333332,0.08478706163297314,-2.447670009861821,-1.1102230246251565e-16,0.08478706163297314
keyword_hit,shared,14891,2.0,0.36666666666666664,True,0.6086956521739131,7.241084973017375,0.36666666666666664,0.0,3.59703865500464,0.36666666666666664,0.029025048351895694,-3.644046318012735,0.0,0.029025048351895694
keyword_hit,shared,14891,3.0,0.0,True,5.0,4.991898059844971,0.0,0.0,1.453415330251058,0.0,0.0,-3.5384827295939125,0.0,0.0
keyword_hit,shared,14891,4.0,0.0,True,5.0,2.061070704460144,0.0,0.0,1.453415330251058,0.0,0.0,-0.607655374209086,0.0,0.0
keyword_hit,shared,14891,5.0,0.0,True,5.0,1.5190405229727426,0.0,0.0,1.453415330251058,0.0,0.0,-0.06562519272168466,0.0,0.0
keyword_hit,shared,15507,0.0,0.03333333333333333,True,0.0,3.559849572181702,0.03333333333333333,0.005043859649122804,3.559849572181702,0.03333333333333333,0.005043859649122804,0.0,0.0,0.0
keyword_hit,shared,15507,0.5,0.03333333333333333,True,0.0,3.8546272993087767,0.03333333333333333,0.0009259259259259234,3.559849572181702,0.03333333333333333,0.005043859649122804,-0.29477772712707484,0.0,0.00411793372319688
keyword_hit,shared,15507,1.0,0.0,True,1.5,4.309838636716207,0.0,0.0,2.2665968855222065,0.0,0.3421110364186372,-2.0432417511940004,0.0,0.3421110364186372
keyword_hit,shared,15507,1.5,0.0,True,1.5,1.8906424542268117,0.0,0.0,2.2665968855222065,0.0,0.3421110364186372,0.37595443129539485,0.0,0.3421110364186372
keyword_hit,shared,15507,2.0,0.0,True,1.5,1.3967510263125102,0.0,0.0,2.2665968855222065,0.0,0.3421110364186372,0.8698458592096963,0.0,0.3421110364186372
keyword_hit,shared,15507,3.0,0.0,True,1.5,1.1643040875593822,0.0,0.0,2.2665968855222065,0.0,0.3421110364186372,1.1022927979628243,0.0,0.3421110364186372
keyword_hit,shared,15507,4.0,0.0,True,1.5,1.1276821851730348,0.0,0.0,2.2665968855222065,0.0,0.3421110364186372,1.1389147003491717,0.0,0.3421110364186372
keyword_hit,shared,15507,5.0,0.0,True,1.5,1.1276821851730348,0.0,0.0,2.2665968855222065,0.0,0.3421110364186372,1.1389147003491717,0.0,0.3421110364186372
keyword_hit,shared,15664,0.0,0.1,True,0.0,3.559849572181702,0.1,0.005043859649122804,3.559849572181702,0.1,0.005043859649122804,0.0,0.0,0.0
keyword_hit,shared,15664,0.5,0.43333333333333335,True,0.5277777777777778,3.7595556418100995,0.43333333333333335,0.0,3.403416101358555,0.43333333333333335,0.008091644304644829,-0.3561395404515446,0.0,0.008091644304644829
keyword_hit,shared,15664,1.0,0.9333333333333333,True,0.9444444444444444,4.841157619158427,0.9333333333333333,0.0,3.459011443014498,0.9333333333333333,0.08401176341977182,-1.3821461761439289,0.0,0.08401176341977182
keyword_hit,shared,15664,1.5,0.43333333333333335,True,0.5277777777777778,5.953914276758829,0.43333333333333335,0.009987697487697476,3.403416101358555,0.43333333333333335,0.008091644304644829,-2.5504981754002745,0.0,-0.0018960531830526477
keyword_hit,shared,15664,2.0,0.13333333333333333,True,0.05555555555555553,4.552017609278361,0.13333333333333333,0.24233419585353205,3.5420562580779746,0.13333333333333333,0.0048201311359206064,-1.0099613512003867,0.0,-0.23751406471761144
keyword_hit,shared,15664,3.0,0.0,False,,2.0735364397366842,0.0,0.8354747485660702,,,,,,
keyword_hit,shared,15664,4.0,0.0,False,,1.6130270759264629,0.0,0.9317340067340066,,,,,,
keyword_hit,shared,15664,5.0,0.0,False,,1.5647426227728525,0.0,0.9488888888888888,,,,,,
keyword_hit,shared,17102,0.0,0.0,True,0.0,3.559849572181702,0.0,0.005043859649122804,3.559849572181702,0.0,0.005043859649122804,0.0,0.0,0.0
keyword_hit,shared,17102,0.5,0.4666666666666667,True,0.6176470588235294,3.9846853812535605,0.4666666666666667,0.0009009009009008967,3.6361598255587557,0.4666666666666667,0.001400560224089634,-0.3485255556948048,0.0,0.0004996593231887372
keyword_hit,shared,17102,1.0,0.3333333333333333,True,0.5,5.143382604916891,0.3333333333333333,0.006666666666666664,3.5645335634549458,0.3333333333333333,0.0009523809523809502,-1.578849041461945,0.0,-0.005714285714285713
keyword_hit,shared,17102,1.5,0.03333333333333333,True,0.05,6.221953344345093,0.03333333333333333,0.0,3.560317971309026,0.03333333333333333,0.004634711779448618,-2.661635373036067,0.0,0.004634711779448618
keyword_hit,shared,17102,2.0,0.03333333333333333,True,0.05,6.682785193125407,0.03333333333333333,0.0,3.560317971309026,0.03333333333333333,0.004634711779448618,-3.122467221816381,0.0,0.004634711779448618
keyword_hit,shared,17102,3.0,0.03333333333333333,True,0.05,6.202413781483968,0.03333333333333333,0.0,3.560317971309026,0.03333333333333333,0.004634711779448618,-2.642095810174942,0.0,0.004634711779448618
keyword_hit,shared,17102,4.0,0.0,True,0.0,5.834643300374349,0.0,0.00119047619047619,3.559849572181702,0.0,0.005043859649122804,-2.2747937281926474,0.0,0.003853383458646614
keyword_hit,shared,17102,5.0,0.0,True,0.0,5.537648773193359,0.0,0.00119047619047619,3.559849572181702,0.0,0.005043859649122804,-1.9777992010116572,0.0,0.003853383458646614
keyword_hit,shared,23257,0.0,0.0,True,0.0,3.559849572181702,0.0,0.005043859649122804,3.559849572181702,0.0,0.005043859649122804,0.0,0.0,0.0
keyword_hit,shared,23257,0.5,0.03333333333333333,True,0.5,3.6794824798901877,0.03333333333333333,0.0,3.425260003407796,0.03333333333333333,0.0,-0.2542224764823917,0.0,0.0
keyword_hit,shared,23257,1.0,0.26666666666666666,True,0.6590909090909091,5.006562582651774,0.26666666666666666,0.0,3.6070632501081987,0.26666666666666666,0.007558981224648388,-1.399499332543575,0.0,0.007558981224648388
keyword_hit,shared,23257,1.5,0.2,True,0.6136363636363636,6.709430344899496,0.2,0.002983870967741937,3.555119465336655,0.2,0.005399272303320278,-3.154310879562841,0.0,0.002415401335578341
keyword_hit,shared,23257,2.0,0.06666666666666667,True,0.5227272727272727,7.616453393300374,0.06666666666666667,0.0,3.4512318957935677,0.06666666666666667,0.0010798544606640552,-4.165221497506806,0.0,0.0010798544606640552
keyword_hit,shared,23257,3.0,0.0,True,0.0,6.501924117406209,0.0,0.0,3.559849572181702,0.0,0.005043859649122804,-2.942074545224507,0.0,0.005043859649122804
keyword_hit,shared,23257,4.0,0.0,True,0.0,5.429689741134643,0.0,0.0,3.559849572181702,0.0,0.005043859649122804,-1.8698401689529414,0.0,0.005043859649122804
keyword_hit,shared,23257,5.0,0.0,True,0.0,4.956515709559123,0.0,0.0,3.559849572181702,0.0,0.005043859649122804,-1.3966661373774212,0.0,0.005043859649122804
keyword_hit,shared_only,359,0.0,0.0,True,0.0,3.559849572181702,0.0,0.005043859649122804,3.5595034758249917,0.0,0.005043859649122804,-0.00034609635671012384,0.0,0.0
keyword_hit,shared_only,359,0.5,0.6,False,,4.578107786178589,0.6,0.0,,,,,,
keyword_hit,shared_only,359,1.0,0.6333333333333333,False,,4.445861593882243,0.6333333333333333,0.053616091827464116,,,,,,
keyword_hit,shared_only,359,1.5,0.2,False,,3.1642854889233907,0.2,0.3815123968539418,,,,,,
keyword_hit,shared_only,359,2.0,0.0,True,0.0,2.136661779880524,0.0,0.7363399928572929,3.5595034758249917,0.0,0.005043859649122804,1.4228416959444679,0.0,-0.7312961332081701
keyword_hit,shared_only,359,3.0,0.0,True,0.0,1.6747957905133566,0.0,0.8103703703703703,3.5595034758249917,0.0,0.005043859649122804,1.8847076853116351,0.0,-0.8053265107212475
keyword_hit,shared_only,359,4.0,0.0,True,0.0,1.1897318045298257,0.0,0.8844444444444444,3.5595034758249917,0.0,0.005043859649122804,2.369771671295166,0.0,-0.8794005847953216
keyword_hit,shared_only,359,5.0,0.0,True,0.0,0.8348305702209473,0.0,0.9688888888888888,3.5595034758249917,0.0,0.005043859649122804,2.724672905604044,0.0,-0.963845029239766
keyword_hit,shared_only,1344,0.0,0.0,True,0.0,3.559849572181702,0.0,0.005043859649122804,3.5595034758249917,0.0,0.005043859649122804,-0.00034609635671012384,0.0,0.0
keyword_hit,shared_only,1344,0.5,0.4666666666666667,False,,4.255307308832804,0.4666666666666667,0.0,,,,,,
keyword_hit,shared_only,1344,1.0,0.9666666666666667,False,,5.5208391666412355,0.9666666666666667,0.0027777777777777766,,,,,,
keyword_hit,shared_only,1344,1.5,0.9,False,,6.587676858901977,0.9,0.0,,,,,,
keyword_hit,shared_only,1344,2.0,0.6666666666666666,False,,6.8398193200429285,0.6666666666666666,0.0,,,,,,
keyword_hit,shared_only,1344,3.0,0.2,False,,7.144840987523397,0.2,0.0,,,,,,
keyword_hit,shared_only,1344,4.0,0.1,False,,6.61721510887146,0.1,0.0,,,,,,
keyword_hit,shared_only,1344,5.0,0.1,False,,5.173409016927083,0.1,0.0,,,,,,
keyword_hit,shared_only,4317,0.0,0.03333333333333333,True,0.0,3.559849572181702,0.03333333333333333,0.005043859649122804,3.559849572181702,0.03333333333333333,0.005043859649122804,0.0,0.0,0.0
keyword_hit,shared_only,4317,0.5,0.03333333333333333,True,0.0,3.910381007194519,0.03333333333333333,0.0,3.559849572181702,0.03333333333333333,0.005043859649122804,-0.350531435012817,0.0,0.005043859649122804
keyword_hit,shared_only,4317,1.0,0.16666666666666666,False,,4.355145724614461,0.16666666666666666,0.0,,,,,,
keyword_hit,shared_only,4317,1.5,0.36666666666666664,False,,5.164029343922933,0.36666666666666664,0.0,,,,,,
keyword_hit,shared_only,4317,2.0,0.13333333333333333,False,,5.953251806894938,0.13333333333333333,0.0,,,,,,
keyword_hit,shared_only,4317,3.0,0.06666666666666667,False,,6.8609598477681475,0.06666666666666667,0.006290726817042599,,,,,,
keyword_hit,shared_only,4317,4.0,0.0,True,1.0,6.069953791300455,0.0,0.0593510376635731,3.0796661694844563,0.0,0.013732585139318876,-2.990287621815999,0.0,-0.04561845252425423
keyword_hit,shared_only,4317,5.0,0.0,True,1.0,5.0932507912317915,0.0,0.12751788781463078,3.0796661694844563,0.0,0.013732585139318876,-2.013584621747335,0.0,-0.1137853026753119
keyword_hit,shared_only,4398,0.0,0.0,True,0.0,3.559849572181702,0.0,0.005043859649122804,3.559849572181702,0.0,0.005043859649122804,0.0,0.0,0.0
keyword_hit,shared_only,4398,0.5,0.6666666666666666,False,,4.195789750417074,0.6666666666666666,0.0,,,,,,
keyword_hit,shared_only,4398,1.0,0.26666666666666666,False,,5.31863694190979,0.26666666666666666,0.0,,,,,,
keyword_hit,shared_only,4398,1.5,0.06666666666666667,False,,6.42907894452413,0.06666666666666667,0.0,,,,,,
keyword_hit,shared_only,4398,2.0,0.0,True,0.0,6.859190845489502,0.0,0.0,3.559849572181702,0.0,0.005043859649122804,-3.2993412733078005,0.0,0.005043859649122804
keyword_hit,shared_only,4398,3.0,0.0,True,0.0,6.9061026255289715,0.0,0.0,3.559849572181702,0.0,0.005043859649122804,-3.3462530533472696,0.0,0.005043859649122804
keyword_hit,shared_only,4398,4.0,0.0,True,0.0,6.695966958999634,0.0,0.00111111111111111,3.559849572181702,0.0,0.005043859649122804,-3.136117386817932,0.0,0.003932748538011694
keyword_hit,shared_only,4398,5.0,0.0,True,0.0,6.245006132125854,0.0,0.0009259259259259234,3.559849572181702,0.0,0.005043859649122804,-2.6851565599441525,0.0,0.00411793372319688
keyword_hit,shared_only,6587,0.0,0.16666666666666666,True,0.0,3.559849572181702,0.16666666666666666,0.005043859649122804,3.5595034758249917,0.16666666666666666,0.005043859649122804,-0.00034609635671012384,0.0,0.0
keyword_hit,shared_only,6587,0.5,0.16666666666666666,True,0.0,4.107233254114787,0.16666666666666666,0.0,3.5595034758249917,0.16666666666666666,0.005043859649122804,-0.5477297782897952,0.0,0.005043859649122804
keyword_hit,shared_only,6587,1.0,0.7333333333333333,False,,5.507696493466695,0.7333333333333333,0.0,,,,,,
keyword_hit,shared_only,6587,1.5,0.8,False,,6.545743942260742,0.8,0.0024390243902439,,,,,,
keyword_hit,shared_only,6587,2.0,0.4666666666666667,False,,6.10467267036438,0.4666666666666667,0.014491459308532477,,,,,,
keyword_hit,shared_only,6587,3.0,0.3333333333333333,False,,5.337505292892456,0.3333333333333333,0.010132713130444263,,,,,,
keyword_hit,shared_only,6587,4.0,0.26666666666666666,False,,4.826267790794373,0.26666666666666666,0.017116698137685085,,,,,,
keyword_hit,shared_only,6587,5.0,0.16666666666666666,True,0.0,4.4350511948267615,0.16666666666666666,0.03251370223860296,3.5595034758249917,0.16666666666666666,0.005043859649122804,-0.8755477190017698,0.0,-0.02746984258948016
keyword_hit,shared_only,6911,0.0,0.03333333333333333,True,0.0,3.559849572181702,0.03333333333333333,0.005043859649122804,3.5595034758249917,0.03333333333333333,0.005043859649122804,-0.00034609635671012384,0.0,0.0
keyword_hit,shared_only,6911,0.5,0.4,False,,3.793166653315226,0.4,0.0,,,,,,
keyword_hit,shared_only,6911,1.0,0.4666666666666667,False,,4.642797223726908,0.4666666666666667,0.0,,,,,,
keyword_hit,shared_only,6911,1.5,0.3,False,,5.900172583262125,0.3,0.0,,,,,,
keyword_hit,shared_only,6911,2.0,0.1,False,,6.463280153274536,0.1,0.0,,,,,,
keyword_hit,shared_only,6911,3.0,0.0,True,0.5,6.832909774780274,0.0,0.0,3.0801166772842405,0.0,0.02254940865234982,-3.752793097496033,0.0,0.02254940865234982
keyword_hit,shared_only,6911,4.0,0.06666666666666667,False,,6.864583905537923,0.06666666666666667,0.0,,,,,,
keyword_hit,shared_only,6911,5.0,0.2,False,,6.784826310475667,0.2,0.0,,,,,,
keyword_hit,shared_only,7848,0.0,0.26666666666666666,True,0.0,3.559849572181702,0.26666666666666666,0.005043859649122804,3.5595034758249917,0.26666666666666666,0.005043859649122804,-0.00034609635671012384,0.0,0.0
keyword_hit,shared_only,7848,0.5,0.13333333333333333,True,1.0,4.304592235883077,0.13333333333333333,0.0,2.5615425517161685,0.13333333333333333,0.18238729170834436,-1.7430496841669085,0.0,0.18238729170834436
keyword_hit,shared_only,7848,1.0,0.2,True,0.75,5.877863041559855,0.2,0.0,2.813197466234366,0.2,0.09544463791766422,-3.0646655753254888,0.0,0.09544463791766422
keyword_hit,shared_only,7848,1.5,0.2,True,0.75,6.774360942840576,0.2,0.0,2.813197466234366,0.2,0.09544463791766422,-3.96116347660621,0.0,0.09544463791766422
keyword_hit,shared_only,7848,2.0,0.16666666666666666,True,0.875,6.453631337483724,0.16666666666666666,0.0,2.6873700089752672,0.16666666666666666,0.1389159648130043,-3.766261328508457,0.0,0.1389159648130043
keyword_hit,shared_only,7848,3.0,0.06666666666666667,True,1.25,5.969557889302572,0.06666666666666667,0.0,2.0342161178588865,0.06666666666666667,0.4299606075840119,-3.9353417714436856,0.0,0.4299606075840119
keyword_hit,shared_only,7848,4.0,0.06666666666666667,True,1.25,5.325090702374776,0.06666666666666667,0.0012345679012345666,2.0342161178588865,0.06666666666666667,0.4299606075840119,-3.29087458451589,0.0,0.42872603968277734
keyword_hit,shared_only,7848,5.0,0.03333333333333333,True,1.375,4.924134651819865,0.03333333333333333,0.0,1.7705529009302456,0.033333333333333326,0.5537472655218457,-3.15358175088962,-6.938893903907228e-18,0.5537472655218457
keyword_hit,shared_only,14891,0.0,0.03333333333333333,True,0.0,3.559849572181702,0.03333333333333333,0.005043859649122804,3.5595034758249917,0.03333333333333333,0.005043859649122804,-0.00034609635671012384,0.0,0.0
keyword_hit,shared_only,14891,0.5,0.43333333333333335,False,,4.125027982393901,0.43333333333333335,0.0018018018018018,,,,,,
keyword_hit,shared_only,14891,1.0,0.8666666666666667,False,,5.1933200041453045,0.8666666666666667,0.0,,,,,,
keyword_hit,shared_only,14891,1.5,0.7333333333333333,False,,6.262852255503336,0.7333333333333333,0.0,,,,,,
keyword_hit,shared_only,14891,2.0,0.36666666666666664,False,,7.241084973017375,0.36666666666666664,0.0,,,,,,
keyword_hit,shared_only,14891,3.0,0.0,True,0.5,4.991898059844971,0.0,0.0,3.05428048769633,0.0,0.001904761904761903,-1.9376175721486408,0.0,0.001904761904761903
keyword_hit,shared_only,14891,4.0,0.0,True,0.5,2.061070704460144,0.0,0.0,3.05428048769633,0.0,0.001904761904761903,0.9932097832361859,0.0,0.001904761904761903
keyword_hit,shared_only,14891,5.0,0.0,True,0.5,1.5190405229727426,0.0,0.0,3.05428048769633,0.0,0.001904761904761903,1.5352399647235873,0.0,0.001904761904761903
keyword_hit,shared_only,15507,0.0,0.03333333333333333,True,0.0,3.559849572181702,0.03333333333333333,0.005043859649122804,3.5595034758249917,0.03333333333333333,0.005043859649122804,-0.00034609635671012384,0.0,0.0
keyword_hit,shared_only,15507,0.5,0.03333333333333333,True,0.0,3.8546272993087767,0.03333333333333333,0.0009259259259259234,3.5595034758249917,0.03333333333333333,0.005043859649122804,-0.29512382348378496,0.0,0.00411793372319688
keyword_hit,shared_only,15507,1.0,0.0,True,1.5,4.309838636716207,0.0,0.0,1.4303059031565983,0.0,0.7297168304804604,-2.879532733559609,0.0,0.7297168304804604
keyword_hit,shared_only,15507,1.5,0.0,True,1.5,1.8906424542268117,0.0,0.0,1.4303059031565983,0.0,0.7297168304804604,-0.4603365510702133,0.0,0.7297168304804604
keyword_hit,shared_only,15507,2.0,0.0,True,1.5,1.3967510263125102,0.0,0.0,1.4303059031565983,0.0,0.7297168304804604,0.03355487684408809,0.0,0.7297168304804604
keyword_hit,shared_only,15507,3.0,0.0,True,1.5,1.1643040875593822,0.0,0.0,1.4303059031565983,0.0,0.7297168304804604,0.26600181559721614,0.0,0.7297168304804604
keyword_hit,shared_only,15507,4.0,0.0,True,1.5,1.1276821851730348,0.0,0.0,1.4303059031565983,0.0,0.7297168304804604,0.3026237179835636,0.0,0.7297168304804604
keyword_hit,shared_only,15507,5.0,0.0,True,1.5,1.1276821851730348,0.0,0.0,1.4303059031565983,0.0,0.7297168304804604,0.3026237179835636,0.0,0.7297168304804604
keyword_hit,shared_only,15664,0.0,0.1,True,0.0,3.559849572181702,0.1,0.005043859649122804,3.5595034758249917,0.1,0.005043859649122804,-0.00034609635671012384,0.0,0.0
keyword_hit,shared_only,15664,0.5,0.43333333333333335,False,,3.7595556418100995,0.43333333333333335,0.0,,,,,,
keyword_hit,shared_only,15664,1.0,0.9333333333333333,False,,4.841157619158427,0.9333333333333333,0.0,,,,,,
keyword_hit,shared_only,15664,1.5,0.43333333333333335,False,,5.953914276758829,0.43333333333333335,0.009987697487697476,,,,,,
keyword_hit,shared_only,15664,2.0,0.13333333333333333,True,0.16666666666666663,4.552017609278361,0.13333333333333333,0.24233419585353205,3.3919270224041407,0.13333333333333333,0.0058493455861876875,-1.1600905868742206,0.0,-0.23648485026734437
keyword_hit,shared_only,15664,3.0,0.0,True,1.5,2.0735364397366842,0.0,0.8354747485660702,1.7312933911879858,0.0,0.5882095654749887,-0.34224304854869847,0.0,-0.24726518309108148
keyword_hit,shared_only,15664,4.0,0.0,True,1.5,1.6130270759264629,0.0,0.9317340067340066,1.7312933911879858,0.0,0.5882095654749887,0.11826631526152287,0.0,-0.34352444125901793
keyword_hit,shared_only,15664,5.0,0.0,True,1.5,1.5647426227728525,0.0,0.9488888888888888,1.7312933911879858,0.0,0.5882095654749887,0.16655076841513328,0.0,-0.3606793234139001
keyword_hit,shared_only,17102,0.0,0.0,True,0.0,3.559849572181702,0.0,0.005043859649122804,3.5595034758249917,0.0,0.005043859649122804,-0.00034609635671012384,0.0,0.0
keyword_hit,shared_only,17102,0.5,0.4666666666666667,False,,3.9846853812535605,0.4666666666666667,0.0009009009009008967,,,,,,
keyword_hit,shared_only,17102,1.0,0.3333333333333333,False,,5.143382604916891,0.3333333333333333,0.006666666666666664,,,,,,
keyword_hit,shared_only,17102,1.5,0.03333333333333333,True,1.0,6.221953344345093,0.03333333333333333,0.0,2.528959171970685,0.03333333333333333,0.16947691428007972,-3.6929941723744077,0.0,0.16947691428007972
keyword_hit,shared_only,17102,2.0,0.03333333333333333,True,1.0,6.682785193125407,0.03333333333333333,0.0,2.528959171970685,0.03333333333333333,0.16947691428007972,-4.153826021154722,0.0,0.16947691428007972
keyword_hit,shared_only,17102,3.0,0.03333333333333333,True,1.0,6.202413781483968,0.03333333333333333,0.0,2.528959171970685,0.03333333333333333,0.16947691428007972,-3.673454609513283,0.0,0.16947691428007972
keyword_hit,shared_only,17102,4.0,0.0,True,0.0,5.834643300374349,0.0,0.00119047619047619,3.5595034758249917,0.0,0.005043859649122804,-2.2751398245493575,0.0,0.003853383458646614
keyword_hit,shared_only,17102,5.0,0.0,True,0.0,5.537648773193359,0.0,0.00119047619047619,3.5595034758249917,0.0,0.005043859649122804,-1.9781452973683673,0.0,0.003853383458646614
keyword_hit,shared_only,23257,0.0,0.0,True,0.0,3.559849572181702,0.0,0.005043859649122804,3.5595034758249917,0.0,0.005043859649122804,-0.00034609635671012384,0.0,0.0
keyword_hit,shared_only,23257,0.5,0.03333333333333333,False,,3.6794824798901877,0.03333333333333333,0.0,,,,,,
keyword_hit,shared_only,23257,1.0,0.26666666666666666,False,,5.006562582651774,0.26666666666666666,0.0,,,,,,
keyword_hit,shared_only,23257,1.5,0.2,False,,6.709430344899496,0.2,0.002983870967741937,,,,,,
keyword_hit,shared_only,23257,2.0,0.06666666666666667,False,,7.616453393300374,0.06666666666666667,0.0,,,,,,
keyword_hit,shared_only,23257,3.0,0.0,True,0.0,6.501924117406209,0.0,0.0,3.5595034758249917,0.0,0.005043859649122804,-2.9424206415812173,0.0,0.005043859649122804
keyword_hit,shared_only,23257,4.0,0.0,True,0.0,5.429689741134643,0.0,0.0,3.5595034758249917,0.0,0.005043859649122804,-1.8701862653096515,0.0,0.005043859649122804
keyword_hit,shared_only,23257,5.0,0.0,True,0.0,4.956515709559123,0.0,0.0,3.5595034758249917,0.0,0.005043859649122804,-1.3970122337341313,0.0,0.005043859649122804
